-- phpMyAdmin SQL Dump
-- version 4.0.10.18
-- https://www.phpmyadmin.net
--
-- Host: localhost:3306
-- Generation Time: Aug 31, 2017 at 02:10 AM
-- Server version: 5.6.36-cll-lve
-- PHP Version: 5.6.30

SET SQL_MODE = "NO_AUTO_VALUE_ON_ZERO";
SET time_zone = "+00:00";


/*!40101 SET @OLD_CHARACTER_SET_CLIENT=@@CHARACTER_SET_CLIENT */;
/*!40101 SET @OLD_CHARACTER_SET_RESULTS=@@CHARACTER_SET_RESULTS */;
/*!40101 SET @OLD_COLLATION_CONNECTION=@@COLLATION_CONNECTION */;
/*!40101 SET NAMES utf8 */;

--
-- Database: `true_translator`
--

-- --------------------------------------------------------

--
-- Table structure for table `account_details`
--

CREATE TABLE IF NOT EXISTS `account_details` (
  `id` int(200) NOT NULL AUTO_INCREMENT,
  `user_id` int(200) NOT NULL,
  `user_type` enum('CU','TR') NOT NULL,
  `pay_mode` varchar(200) NOT NULL,
  `mer_id` varchar(200) NOT NULL,
  `public_key` varchar(200) NOT NULL,
  `pri_key` varchar(200) NOT NULL,
  `payment_verified` enum('1','0') NOT NULL,
  `datetime` datetime NOT NULL,
  PRIMARY KEY (`id`)
) ENGINE=InnoDB  DEFAULT CHARSET=latin1 AUTO_INCREMENT=7 ;

--
-- Dumping data for table `account_details`
--

INSERT INTO `account_details` (`id`, `user_id`, `user_type`, `pay_mode`, `mer_id`, `public_key`, `pri_key`, `payment_verified`, `datetime`) VALUES
(1, 104, '', 'BT', 'merchanttest104', 'test104', 'test104', '1', '2017-06-16 07:27:20'),
(2, 1004, 'TR', 'BT', 'merchanttest104', 'test104', 'test1004', '1', '2017-06-16 07:28:42'),
(3, 1005, 'TR', 'BT', 'merchanttest104', 'test104', 'test1004', '1', '2017-06-16 07:30:17'),
(4, 0, 'TR', 'BT', 'asdglhhk', 'jcjccjjc', 'jccncnc', '1', '2017-06-16 10:32:26'),
(5, 187, 'TR', 'BT', '123', '789', '456', '1', '2017-06-16 10:35:53'),
(6, 194, '', '', 'asd1234m', 'asd1234pub key', 'asd1234pri key', '1', '2017-06-26 12:59:22');

-- --------------------------------------------------------

--
-- Table structure for table `admin`
--

CREATE TABLE IF NOT EXISTS `admin` (
  `id` int(200) NOT NULL AUTO_INCREMENT,
  `name` varchar(200) COLLATE utf8_unicode_ci NOT NULL,
  `email` varchar(200) COLLATE utf8_unicode_ci NOT NULL,
  `password` varchar(200) COLLATE utf8_unicode_ci NOT NULL,
  `status` enum('1','0') COLLATE utf8_unicode_ci NOT NULL,
  PRIMARY KEY (`id`)
) ENGINE=MyISAM  DEFAULT CHARSET=utf8 COLLATE=utf8_unicode_ci AUTO_INCREMENT=2 ;

--
-- Dumping data for table `admin`
--

INSERT INTO `admin` (`id`, `name`, `email`, `password`, `status`) VALUES
(1, 'admin', 'admin@gmail.com', 'admin', '1');

-- --------------------------------------------------------

--
-- Table structure for table `city`
--

CREATE TABLE IF NOT EXISTS `city` (
  `id` int(200) NOT NULL AUTO_INCREMENT,
  `state_id` int(200) NOT NULL,
  `city_name` varchar(200) NOT NULL,
  `status` enum('1','0') NOT NULL,
  PRIMARY KEY (`id`)
) ENGINE=InnoDB  DEFAULT CHARSET=latin1 AUTO_INCREMENT=5 ;

--
-- Dumping data for table `city`
--

INSERT INTO `city` (`id`, `state_id`, `city_name`, `status`) VALUES
(1, 1, 'indore', '0'),
(2, 1, 'dewas', '1'),
(3, 1, 'Bhopal', '1'),
(4, 2, 'Chennai', '1');

-- --------------------------------------------------------

--
-- Table structure for table `country`
--

CREATE TABLE IF NOT EXISTS `country` (
  `id` int(200) NOT NULL AUTO_INCREMENT,
  `country_name` varchar(200) NOT NULL,
  `status` enum('1','0') NOT NULL,
  PRIMARY KEY (`id`)
) ENGINE=InnoDB  DEFAULT CHARSET=latin1 AUTO_INCREMENT=5 ;

--
-- Dumping data for table `country`
--

INSERT INTO `country` (`id`, `country_name`, `status`) VALUES
(1, 'india', '1'),
(2, 'US', '1'),
(3, 'new york', '0'),
(4, '', '1');

-- --------------------------------------------------------

--
-- Table structure for table `email_otp`
--

CREATE TABLE IF NOT EXISTS `email_otp` (
  `id` int(200) NOT NULL AUTO_INCREMENT,
  `user_id` int(200) NOT NULL,
  `otp` varchar(200) COLLATE utf8_unicode_ci NOT NULL,
  `datetime` datetime NOT NULL,
  `status` enum('A','U','E') COLLATE utf8_unicode_ci NOT NULL,
  `type` enum('email','pass') COLLATE utf8_unicode_ci NOT NULL,
  PRIMARY KEY (`id`)
) ENGINE=MyISAM  DEFAULT CHARSET=utf8 COLLATE=utf8_unicode_ci AUTO_INCREMENT=456 ;

--
-- Dumping data for table `email_otp`
--

INSERT INTO `email_otp` (`id`, `user_id`, `otp`, `datetime`, `status`, `type`) VALUES
(1, 42, 'lHP9bG', '2017-01-13 12:21:57', 'U', 'email'),
(2, 45, 'g26aPA', '2017-01-19 05:13:37', 'E', 'email'),
(3, 51, 'apPmbH', '2017-01-20 12:59:21', 'A', 'email'),
(4, 66, 'zP3SsB', '2017-01-20 14:11:40', 'A', 'email'),
(5, 71, 'JPBxDA', '2017-01-21 05:22:11', 'A', 'email'),
(6, 72, 'zE6pkU', '2017-01-21 05:37:18', 'A', 'email'),
(7, 76, 'nO03YG', '2017-01-21 06:54:51', 'U', 'email'),
(8, 78, 'SuGb6A', '2017-01-21 07:42:42', 'A', 'email'),
(9, 80, '6KxmB2', '2017-01-21 07:55:03', 'A', 'email'),
(10, 77, 'Tf6qiY', '2017-01-21 09:14:19', 'A', 'pass'),
(11, 77, '2PeuFi', '2017-01-21 09:16:08', 'A', 'pass'),
(12, 82, 'gUwkJO', '2017-01-21 11:54:49', 'A', 'email'),
(13, 83, 'eWY26w', '2017-01-21 11:59:08', 'A', 'email'),
(14, 84, '8xoDnr', '2017-01-21 12:00:08', 'A', 'email'),
(15, 85, '7qEw5F', '2017-01-21 12:01:28', 'A', 'email'),
(16, 86, 'XUbFDa', '2017-01-21 12:03:38', 'A', 'email'),
(17, 87, 'lpU0ty', '2017-01-21 12:04:55', 'A', 'email'),
(18, 88, '8p7JNr', '2017-01-21 12:07:49', 'U', 'email'),
(19, 89, 'fWTRuw', '2017-01-21 12:12:51', 'A', 'email'),
(20, 90, 'pPuKYO', '2017-01-21 12:15:00', 'U', 'email'),
(21, 91, 'WUSy3D', '2017-01-21 12:16:17', 'U', 'email'),
(22, 97, '9DTxEI', '2017-02-04 16:22:48', 'A', 'email'),
(23, 76, 'CkS2gf', '2017-02-04 16:29:10', 'U', 'pass'),
(24, 76, 'IhVKvu', '2017-02-04 16:29:44', 'U', 'pass'),
(25, 98, '2sO8hS', '2017-02-04 16:33:05', 'A', 'email'),
(26, 99, '9OUNan', '2017-02-04 17:49:28', 'U', 'email'),
(27, 102, 'V2grJ3', '2017-02-06 04:54:44', 'A', 'email'),
(28, 103, 'bIQiR5', '2017-02-06 05:32:34', 'A', 'email'),
(29, 1, '63iQIU', '2017-02-07 12:41:34', 'E', 'pass'),
(30, 1, 'FUlNXm', '2017-02-07 12:41:58', 'E', 'pass'),
(31, 110, 'qVjOL8', '2017-02-08 12:53:54', 'U', 'email'),
(32, 104, 'P0Sybc', '2017-02-11 08:35:06', 'A', 'pass'),
(33, 111, 'nfiMwj', '2017-02-11 09:12:28', 'U', 'email'),
(34, 112, '4YL7hk', '2017-02-15 05:31:03', 'U', 'email'),
(35, 113, 'WCMyse', '2017-02-25 17:45:19', 'A', 'email'),
(36, 114, '9LWp7N', '2017-02-25 17:55:06', 'U', 'email'),
(37, 76, 'g4pk7E', '2017-03-03 05:36:20', 'U', 'email'),
(38, 45, 'uS143g', '2017-03-03 05:40:03', 'A', 'email'),
(39, 117, 'IVag19', '2017-03-28 08:32:21', 'U', 'email'),
(40, 118, 'Sopuj0', '2017-03-28 12:15:17', 'A', 'email'),
(41, 119, 'SlgC0f', '2017-03-28 12:16:56', 'A', 'email'),
(42, 120, 'EBfgpQ', '2017-03-28 12:17:47', 'U', 'email'),
(43, 121, 'AMnxET', '2017-03-28 12:23:01', 'A', 'email'),
(44, 122, '0TZ5kp', '2017-03-28 12:25:24', 'U', 'email'),
(45, 123, 'imaWw6', '2017-03-29 13:22:39', 'U', 'email'),
(46, 123, 'MsYUbT', '2017-03-29 13:28:43', 'U', 'email'),
(47, 124, 'fwCFmY', '2017-03-29 13:53:54', 'A', 'email'),
(48, 125, '43zxwT', '2017-03-29 13:54:06', 'A', 'email'),
(49, 126, 'b41LNo', '2017-03-29 13:56:29', 'A', 'email'),
(50, 127, 'kKCZ1g', '2017-03-29 13:57:42', 'A', 'email'),
(51, 128, 'tkNgZa', '2017-03-29 13:59:53', 'A', 'email'),
(52, 129, 'OmlPHf', '2017-03-29 14:02:28', 'A', 'email'),
(53, 123, 'onDbW4', '2017-03-29 14:02:39', 'U', 'email'),
(54, 130, 'qgUsG9', '2017-03-29 14:04:15', 'A', 'email'),
(55, 131, 'eZw8bh', '2017-03-29 14:05:58', 'A', 'email'),
(56, 132, 'tjAf56', '2017-03-29 14:07:36', 'A', 'email'),
(57, 123, '4Nl23j', '2017-03-29 14:08:41', 'U', 'email'),
(58, 133, '4n8Kmo', '2017-03-29 14:09:25', 'U', 'email'),
(59, 1, 'bARIQN', '2017-03-29 14:10:33', 'A', 'email'),
(60, 123, 'Cglx2H', '2017-03-29 14:12:18', 'U', 'email'),
(61, 134, 'zgCpb0', '2017-03-29 14:14:07', 'U', 'email'),
(62, 135, '1I0lvm', '2017-03-29 14:18:36', 'E', 'email'),
(63, 135, 'pG29Ic', '2017-03-29 14:19:09', 'E', 'email'),
(64, 135, 'wDG0pC', '2017-03-29 14:21:08', 'E', 'email'),
(65, 135, 'irD826', '2017-03-29 14:21:33', 'E', 'email'),
(66, 135, 'BDpoKv', '2017-03-29 14:23:01', 'A', 'email'),
(67, 137, 'DnoRQc', '2017-03-30 04:47:13', 'A', 'email'),
(68, 138, 'T9pzAL', '2017-03-30 04:48:03', 'U', 'email'),
(69, 138, 'hzpq3U', '2017-03-30 04:48:31', 'U', 'email'),
(70, 138, 'RJozyt', '2017-03-30 04:51:01', 'U', 'email'),
(71, 138, 'A0nlHL', '2017-03-30 05:07:11', 'U', 'email'),
(72, 138, 'Whme5G', '2017-03-30 05:08:06', 'U', 'email'),
(73, 138, 'yqEa6A', '2017-03-30 05:08:53', 'U', 'email'),
(74, 138, 'zW9Ja1', '2017-03-30 05:22:31', 'U', 'email'),
(75, 138, '0DEhwB', '2017-03-30 05:22:43', 'U', 'email'),
(76, 138, 'ZOBhre', '2017-03-30 05:22:53', 'U', 'email'),
(77, 123, '2HCLe7', '2017-03-31 12:45:37', 'U', 'pass'),
(78, 123, 'UcjhQV', '2017-03-31 13:03:40', 'U', 'email'),
(79, 1, '4InkaN', '2017-03-31 13:13:24', 'A', 'pass'),
(80, 1, 'XckMZn', '2017-03-31 13:15:05', 'A', 'pass'),
(81, 1, 'H2m6Rb', '2017-03-31 13:20:32', 'A', 'pass'),
(82, 1, 'L0xtpw', '2017-03-31 13:20:36', 'A', 'pass'),
(83, 1, 'ebR3PL', '2017-03-31 13:20:49', 'A', 'pass'),
(84, 1, 'jcwnsA', '2017-03-31 13:21:24', 'A', 'pass'),
(85, 1, 'm4zjPf', '2017-03-31 13:22:16', 'A', 'pass'),
(86, 76, 'Dt71ET', '2017-03-31 13:22:39', 'A', 'pass'),
(87, 76, 'v2iXrw', '2017-03-31 13:23:28', 'A', 'pass'),
(88, 76, '1oKnJ6', '2017-03-31 13:23:35', 'A', 'pass'),
(89, 1, 'q9xAYB', '2017-03-31 13:26:46', 'A', 'pass'),
(90, 1, 'eBfNZT', '2017-03-31 13:26:50', 'A', 'pass'),
(91, 1, '6XL0zl', '2017-03-31 13:33:59', 'A', 'pass'),
(92, 1, 's9y2ML', '2017-03-31 13:37:18', 'A', 'pass'),
(93, 1, '4yBFOk', '2017-03-31 13:39:40', 'A', 'pass'),
(94, 1, 'up1sqO', '2017-03-31 13:41:51', 'A', 'pass'),
(95, 1, 'Iw2L0q', '2017-03-31 13:42:11', 'A', 'pass'),
(96, 1, 'Yo3a8K', '2017-03-31 13:42:18', 'A', 'pass'),
(97, 76, 'cCMJua', '2017-03-31 13:43:42', 'A', 'pass'),
(98, 76, 'Wp5k4Y', '2017-03-31 13:44:07', 'A', 'pass'),
(99, 76, 'cJQspC', '2017-03-31 13:45:51', 'A', 'pass'),
(100, 76, 'j8izNl', '2017-03-31 13:46:53', 'A', 'pass'),
(101, 76, 'rkUfLj', '2017-03-31 13:50:09', 'A', 'pass'),
(102, 139, 'PSN1Fl', '2017-03-31 13:55:56', 'A', 'email'),
(103, 140, '1cQ0Ut', '2017-03-31 14:27:38', 'U', 'email'),
(104, 140, 'rqw7nK', '2017-03-31 14:31:33', 'U', 'email'),
(105, 76, '5Z1bQ0', '2017-04-01 04:55:55', 'A', 'pass'),
(106, 76, 'iEI1am', '2017-04-01 04:56:03', 'A', 'pass'),
(107, 76, '4OYt2S', '2017-04-01 04:56:06', 'A', 'pass'),
(108, 76, 'LqoKmh', '2017-04-01 04:56:10', 'A', 'pass'),
(109, 76, 'uSaDzv', '2017-04-01 04:56:13', 'A', 'pass'),
(110, 76, '4O182H', '2017-04-01 04:56:15', 'A', 'pass'),
(111, 76, 'PN28y0', '2017-04-01 04:56:19', 'A', 'pass'),
(112, 76, '9G12se', '2017-04-01 05:01:55', 'A', 'pass'),
(113, 76, 'YIQOaJ', '2017-04-01 05:06:07', 'A', 'pass'),
(114, 76, 'VL6kpv', '2017-04-01 05:09:47', 'A', 'pass'),
(115, 141, '5Z0geL', '2017-04-01 05:11:55', 'A', 'email'),
(116, 142, 'FaOqRi', '2017-04-01 05:14:49', 'U', 'email'),
(117, 142, 'ZkahIU', '2017-04-01 05:15:20', 'U', 'email'),
(118, 142, 'MAWtpj', '2017-04-01 05:16:00', 'U', 'email'),
(119, 142, 'UYHiaR', '2017-04-01 05:16:51', 'U', 'email'),
(120, 143, 'fvITUs', '2017-04-01 05:18:33', 'U', 'email'),
(121, 143, 'v67cwu', '2017-04-01 05:19:01', 'U', 'email'),
(122, 144, 'BO1Sbj', '2017-04-01 05:35:07', 'A', 'email'),
(123, 1, 'JBlTq6', '2017-04-01 05:35:26', 'A', 'pass'),
(124, 1, 'xzVw9i', '2017-04-01 05:35:29', 'A', 'pass'),
(125, 1, 'jvc3Ii', '2017-04-01 05:35:32', 'A', 'pass'),
(126, 5, '6yD5jg', '2017-04-01 05:38:01', 'E', 'pass'),
(127, 5, 'hUjKlB', '2017-04-01 05:38:05', 'E', 'pass'),
(128, 5, 'BNZl1c', '2017-04-01 05:38:08', 'E', 'pass'),
(129, 5, 'cIf3CW', '2017-04-01 05:38:11', 'E', 'pass'),
(130, 5, 'mFbvy7', '2017-04-01 05:39:20', 'E', 'pass'),
(131, 5, 'cB18M6', '2017-04-01 05:40:05', 'E', 'pass'),
(132, 5, 'MsmKSj', '2017-04-01 05:42:22', 'E', 'pass'),
(133, 5, 'qz8UQ5', '2017-04-01 05:42:28', 'E', 'pass'),
(134, 5, '4I7olg', '2017-04-01 05:42:35', 'E', 'pass'),
(135, 5, 'QAr9sK', '2017-04-01 05:42:42', 'E', 'pass'),
(136, 5, '9FR6bz', '2017-04-01 06:18:19', 'E', 'pass'),
(137, 145, 'FGzsia', '2017-04-01 06:19:05', 'E', 'email'),
(138, 145, 'a206Cq', '2017-04-01 06:20:01', 'A', 'email'),
(139, 140, 'iIHV5r', '2017-04-01 06:26:42', 'U', 'email'),
(140, 140, 'McXiZ2', '2017-04-01 06:27:58', 'U', 'email'),
(141, 146, 'ET6vfO', '2017-04-01 06:37:00', 'A', 'email'),
(142, 147, 'HO7WDT', '2017-04-01 06:37:55', 'U', 'email'),
(143, 147, '3gNnjF', '2017-04-01 06:38:37', 'U', 'email'),
(144, 148, 'BUo35u', '2017-04-01 07:04:46', 'U', 'email'),
(145, 148, 'KUEje3', '2017-04-01 07:05:25', 'U', 'email'),
(146, 148, 'v4qrzK', '2017-04-01 07:09:35', 'U', 'email'),
(147, 148, 'rA6kHl', '2017-04-01 07:10:34', 'U', 'email'),
(148, 148, 'fLAIlT', '2017-04-01 07:11:07', 'U', 'email'),
(149, 149, 'ojG2XT', '2017-04-01 07:18:38', 'U', 'email'),
(150, 149, 'RJCB0X', '2017-04-01 07:19:03', 'U', 'email'),
(151, 149, 'YnNtDl', '2017-04-01 07:24:55', 'U', 'email'),
(152, 149, 'XHIR9F', '2017-04-01 07:57:03', 'U', 'email'),
(153, 150, 'sA6rDy', '2017-04-01 08:01:23', 'A', 'email'),
(154, 151, 'IXv2oY', '2017-04-01 08:02:06', 'A', 'email'),
(155, 152, 'jDBpR1', '2017-04-01 08:03:04', 'A', 'email'),
(156, 153, '6rfTRb', '2017-04-01 08:08:25', 'U', 'email'),
(157, 153, 'jOl3aq', '2017-04-01 08:09:41', 'U', 'email'),
(158, 153, 'b3LKmZ', '2017-04-01 08:10:03', 'U', 'email'),
(159, 153, 'YfKW0X', '2017-04-01 08:10:09', 'U', 'email'),
(160, 153, 'x8nDYF', '2017-04-01 08:10:15', 'U', 'email'),
(161, 153, 'XKG7Ca', '2017-04-01 08:10:35', 'U', 'email'),
(162, 154, 'NniKD9', '2017-04-01 08:54:27', 'U', 'email'),
(163, 154, 'CkKDBU', '2017-04-01 08:54:44', 'U', 'email'),
(164, 155, 'vA8lCp', '2017-04-01 08:55:37', 'U', 'email'),
(165, 155, 'pIH5gs', '2017-04-01 08:55:51', 'U', 'email'),
(166, 155, 'p1nHZB', '2017-04-01 08:56:03', 'U', 'email'),
(167, 155, 'o8wkIm', '2017-04-01 08:56:14', 'U', 'email'),
(168, 155, 'nsm91q', '2017-04-01 08:56:56', 'U', 'email'),
(169, 155, 'lta9Cv', '2017-04-01 08:57:10', 'U', 'email'),
(170, 155, 'D3CZU4', '2017-04-01 08:57:16', 'U', 'email'),
(171, 155, 'DZameJ', '2017-04-01 08:57:29', 'U', 'email'),
(172, 155, '0VErBJ', '2017-04-01 08:57:35', 'U', 'email'),
(173, 155, 'j0Meal', '2017-04-01 08:57:46', 'U', 'email'),
(174, 155, 'CSuBfO', '2017-04-01 08:58:15', 'U', 'email'),
(175, 155, 'HNS3pl', '2017-04-01 08:58:23', 'U', 'email'),
(176, 156, 'X6Ffo4', '2017-04-01 11:55:22', 'E', 'email'),
(177, 156, 'B2s4Wb', '2017-04-01 11:55:56', 'E', 'email'),
(178, 156, 'SL36OZ', '2017-04-01 11:56:56', 'E', 'email'),
(179, 156, 'Y04gpv', '2017-04-01 11:57:14', 'E', 'email'),
(180, 156, 'pfBUlx', '2017-04-01 11:57:15', 'E', 'email'),
(181, 156, 'UsPv59', '2017-04-01 11:57:54', 'E', 'email'),
(182, 156, 'Mq7hLg', '2017-04-01 11:59:27', 'E', 'email'),
(183, 156, 'yJIQep', '2017-04-01 12:00:01', 'A', 'email'),
(184, 157, 'bNMIaF', '2017-04-01 12:03:47', 'A', 'email'),
(185, 158, 'WGHYcT', '2017-04-01 12:04:34', 'U', 'email'),
(186, 158, 'qC0mlK', '2017-04-01 12:04:54', 'U', 'email'),
(187, 158, '03QamR', '2017-04-01 12:14:06', 'U', 'email'),
(188, 159, 'kmgip8', '2017-04-01 12:18:21', 'U', 'email'),
(189, 160, 'beoXCR', '2017-04-01 12:19:27', 'A', 'email'),
(190, 161, '4lDngi', '2017-04-04 13:18:26', 'U', 'email'),
(191, 162, 'BEDFTf', '2017-04-04 13:26:28', 'U', 'email'),
(192, 162, 'RaCXJy', '2017-04-04 13:28:58', 'U', 'email'),
(193, 162, 'fcUl47', '2017-04-04 13:31:51', 'U', 'email'),
(194, 163, 'yfh5s0', '2017-04-04 13:40:10', 'E', 'email'),
(195, 164, 'ngyuWz', '2017-04-04 13:43:33', 'E', 'email'),
(196, 164, 'xkcCLQ', '2017-04-04 13:43:52', 'U', 'email'),
(197, 165, '5Otma4', '2017-04-04 13:46:50', 'E', 'email'),
(198, 165, 'ujonwW', '2017-04-04 13:47:07', 'U', 'email'),
(199, 166, 'VEY3C9', '2017-04-04 13:49:04', 'E', 'email'),
(200, 166, 'mnC3Q0', '2017-04-04 13:49:19', 'U', 'email'),
(201, 167, 'u3XyZ1', '2017-04-04 13:51:25', 'E', 'email'),
(202, 167, '6WpDt4', '2017-04-04 13:52:01', 'U', 'email'),
(203, 168, 'jWtPmy', '2017-04-04 13:56:11', 'A', 'email'),
(204, 169, 'Yx0tjh', '2017-04-04 13:56:41', 'E', 'email'),
(205, 169, 'Nfm87q', '2017-04-04 13:56:55', 'U', 'email'),
(206, 170, '8XmW1u', '2017-04-04 14:03:41', 'A', 'email'),
(207, 171, 'VXFaB9', '2017-04-04 14:09:45', 'E', 'email'),
(208, 171, 'k0ulYV', '2017-04-04 14:10:07', 'E', 'email'),
(209, 171, 'oJUn2P', '2017-04-04 14:10:25', 'E', 'email'),
(210, 171, 'Ly5w9J', '2017-04-04 14:10:54', 'U', 'email'),
(211, 163, 'ePqEJN', '2017-04-04 14:24:35', 'U', 'email'),
(212, 172, '5SfC8Z', '2017-04-04 14:52:45', 'E', 'email'),
(213, 172, 'K6OfpD', '2017-04-04 14:53:41', 'U', 'email'),
(214, 173, 'Hzr0pj', '2017-04-04 14:56:12', 'U', 'email'),
(215, 174, 'ZeYkcQ', '2017-04-05 07:24:29', 'A', 'email'),
(216, 175, 'FVGhq0', '2017-04-05 07:28:29', 'A', 'email'),
(217, 161, 'lVzMO3', '2017-04-05 13:56:17', 'E', 'pass'),
(218, 161, '3KaYCc', '2017-04-05 13:59:36', 'E', 'pass'),
(219, 161, 'IYUpA6', '2017-04-05 14:03:13', 'E', 'pass'),
(220, 161, 'shCSlg', '2017-04-05 14:18:00', 'U', 'pass'),
(221, 161, 'Z8cq3V', '2017-04-05 14:28:18', 'A', 'pass'),
(222, 189, 'cefImr', '2017-05-04 09:42:30', 'U', 'email'),
(223, 189, 'R2JqYZ', '2017-05-04 11:18:36', 'E', 'pass'),
(224, 189, '7inzHG', '2017-05-04 11:21:55', 'U', 'pass'),
(225, 189, 'Ih0c2m', '2017-05-04 11:28:01', 'E', 'pass'),
(226, 189, 'lkABSN', '2017-05-04 11:29:23', 'U', 'pass'),
(227, 190, 'EmOigP', '2017-05-04 13:54:30', 'A', 'email'),
(228, 191, 'OgkerS', '2017-05-04 14:00:35', 'U', 'email'),
(229, 189, 'vZaVtY', '2017-05-04 14:24:41', 'E', 'pass'),
(230, 189, 'Z9kz4r', '2017-05-04 14:24:50', 'U', 'pass'),
(231, 187, 'pgX5tK', '2017-05-05 05:18:47', 'E', 'pass'),
(232, 187, '1kuiFZ', '2017-05-05 05:19:52', 'E', 'pass'),
(233, 192, '0NxgP1', '2017-05-05 10:46:52', 'U', 'email'),
(234, 191, '31kGvW', '2017-05-05 12:44:41', 'E', 'pass'),
(235, 191, 'fhHt5V', '2017-05-05 12:47:19', 'E', 'pass'),
(236, 191, '5Jx7gp', '2017-05-05 12:47:57', 'E', 'pass'),
(237, 191, '7RLqxX', '2017-05-05 12:48:48', 'E', 'pass'),
(238, 191, '3m85iA', '2017-05-05 12:49:25', 'E', 'pass'),
(239, 191, 'MCeRPI', '2017-05-05 12:51:51', 'E', 'pass'),
(240, 191, '08ylqJ', '2017-05-05 12:53:34', 'E', 'pass'),
(241, 191, 'T9xWz6', '2017-05-05 12:54:02', 'E', 'pass'),
(242, 191, '1sXLCM', '2017-05-05 12:55:02', 'E', 'pass'),
(243, 191, 'K3PxIo', '2017-05-05 12:55:57', 'E', 'pass'),
(244, 191, '2mnWJv', '2017-05-05 12:56:41', 'E', 'pass'),
(245, 191, 'bhIDEu', '2017-05-05 13:11:29', 'E', 'pass'),
(246, 191, 'ma16wM', '2017-05-05 13:15:35', 'E', 'pass'),
(247, 191, 'TpzVPB', '2017-05-05 13:34:00', 'E', 'pass'),
(248, 191, '3oBUXg', '2017-05-05 13:35:28', 'E', 'pass'),
(249, 188, 'k7nqhZ', '2017-05-06 08:38:27', 'E', 'pass'),
(250, 188, 'aegbSX', '2017-05-06 08:38:40', 'E', 'pass'),
(251, 192, 'Bwm9Is', '2017-05-06 09:04:21', 'E', 'pass'),
(252, 192, '9mRZno', '2017-05-06 09:06:14', 'E', 'pass'),
(253, 188, 'fwprT4', '2017-05-06 11:18:38', 'E', 'pass'),
(254, 188, 'PgQ4am', '2017-05-06 11:19:30', 'E', 'pass'),
(255, 188, 'nC2FV0', '2017-05-06 11:19:34', 'E', 'pass'),
(256, 188, '1RrfDQ', '2017-05-06 11:21:10', 'E', 'pass'),
(257, 188, 'XP4F2O', '2017-05-06 12:16:21', 'E', 'pass'),
(258, 188, 'RjPBEr', '2017-05-06 12:22:15', 'E', 'pass'),
(259, 188, '9n1myg', '2017-05-08 06:28:09', 'E', 'pass'),
(260, 188, '5NiFUq', '2017-05-08 06:28:52', 'E', 'pass'),
(261, 188, 'FRN3xY', '2017-05-08 06:34:17', 'E', 'pass'),
(262, 188, '0TIEa8', '2017-05-08 06:38:06', 'E', 'pass'),
(263, 188, 'Uc7S54', '2017-05-08 06:40:13', 'E', 'pass'),
(264, 188, 'G70DRJ', '2017-05-08 06:40:18', 'E', 'pass'),
(265, 188, 'zfajqS', '2017-05-08 06:57:35', 'E', 'pass'),
(266, 188, 'rkslSg', '2017-05-08 06:58:03', 'E', 'pass'),
(267, 191, 'A9xvzT', '2017-05-08 07:06:05', 'U', 'pass'),
(268, 193, 'aujBqc', '2017-05-08 08:03:45', 'E', 'email'),
(269, 193, 'T9c54u', '2017-05-08 08:04:34', 'A', 'email'),
(270, 188, 'utCbJG', '2017-05-08 08:24:36', 'E', 'pass'),
(271, 188, 'OADyMl', '2017-05-08 08:25:14', 'E', 'pass'),
(272, 188, 'qfWU9R', '2017-05-08 08:34:06', 'E', 'email'),
(273, 188, 'UfHKEO', '2017-05-09 04:48:39', 'E', 'email'),
(274, 188, 'q37ifE', '2017-05-09 10:50:19', 'E', 'email'),
(275, 188, 'KYaBE5', '2017-05-11 04:51:43', 'E', 'email'),
(276, 188, 'IGeAQZ', '2017-05-11 06:20:27', 'E', 'email'),
(277, 188, 'QpYrme', '2017-05-11 07:59:21', 'E', 'email'),
(278, 188, 'lncLhw', '2017-05-12 06:43:36', 'E', 'pass'),
(279, 188, 'pH6V5N', '2017-05-12 06:46:15', 'E', 'pass'),
(280, 192, 'htc16B', '2017-05-12 15:38:47', 'U', 'pass'),
(281, 194, 'shaiel', '2017-05-12 18:52:19', 'E', 'email'),
(282, 195, 'OhCs3M', '2017-05-13 06:58:30', 'A', 'email'),
(283, 196, 'AEWmNk', '2017-05-13 07:47:24', 'A', 'email'),
(284, 197, 'zA7U8H', '2017-05-15 06:08:38', 'U', 'email'),
(285, 188, 'ScIM9t', '2017-05-16 06:18:10', 'E', 'pass'),
(286, 188, '6g2oJa', '2017-05-16 06:19:45', 'E', 'pass'),
(287, 188, 'Z1rI4G', '2017-05-16 06:31:49', 'E', 'pass'),
(288, 188, '5TJMKq', '2017-05-16 06:33:42', 'E', 'pass'),
(289, 188, 'AOUGYi', '2017-05-16 07:15:30', 'A', 'pass'),
(290, 192, 'zjZMDI', '2017-05-17 18:48:10', 'E', 'pass'),
(291, 199, 'DPzq7O', '2017-05-18 06:14:21', 'A', 'email'),
(292, 192, 'y21jnP', '2017-05-18 06:17:02', 'E', 'pass'),
(293, 200, '5IZ0Ce', '2017-05-18 06:46:27', 'A', 'email'),
(294, 201, 'euc1Mp', '2017-05-19 07:57:08', 'A', 'email'),
(295, 202, 'ya1pek', '2017-05-19 07:58:11', 'A', 'email'),
(296, 187, 'BbgDl7', '2017-05-20 05:27:22', 'E', 'pass'),
(297, 187, 'RQKI3B', '2017-05-20 05:33:11', 'E', 'pass'),
(298, 203, '4qL8o5', '2017-05-22 06:00:38', 'A', 'email'),
(299, 204, 'ye2kUZ', '2017-05-22 06:01:42', 'E', 'email'),
(300, 204, 'JZbLmP', '2017-05-22 06:12:59', 'E', 'email'),
(301, 204, 'DgAaP4', '2017-05-22 06:14:53', 'E', 'email'),
(302, 204, 'BlT2ft', '2017-05-22 06:28:59', 'U', 'pass'),
(303, 204, 'XqA7Bg', '2017-05-22 06:32:24', 'E', 'pass'),
(304, 204, 'USi6k0', '2017-05-22 06:33:26', 'E', 'pass'),
(305, 204, 'Vg4j9q', '2017-05-22 06:33:40', 'U', 'pass'),
(306, 204, 'OJvmtX', '2017-05-22 06:39:47', 'U', 'pass'),
(307, 204, '1gjpkA', '2017-05-22 06:43:59', 'U', 'pass'),
(308, 204, 'cYfANy', '2017-05-22 06:50:16', 'E', 'pass'),
(309, 205, '1Xj04T', '2017-05-22 06:52:32', 'A', 'email'),
(310, 206, 'KQRMyj', '2017-05-22 06:53:23', 'A', 'email'),
(311, 207, 'Zw1mAr', '2017-05-22 06:54:40', 'A', 'email'),
(312, 208, 'gLiSx0', '2017-05-22 06:57:14', 'A', 'email'),
(313, 209, 'XFcm70', '2017-05-22 07:01:48', 'A', 'email'),
(314, 210, 'OAberP', '2017-05-22 07:02:58', 'A', 'email'),
(315, 204, 'NDcPVf', '2017-05-22 07:09:37', 'U', 'pass'),
(316, 204, 'W4XgJ5', '2017-05-22 07:16:30', 'U', 'pass'),
(317, 204, 's7tWCV', '2017-05-22 07:18:53', 'U', 'pass'),
(318, 204, '9bYriD', '2017-05-22 07:21:11', 'U', 'pass'),
(319, 204, 'I1cUKT', '2017-05-22 07:35:10', 'E', 'pass'),
(320, 204, '3S1rO8', '2017-05-22 07:35:15', 'E', 'pass'),
(321, 204, 'LSDnqX', '2017-05-22 07:54:52', 'E', 'pass'),
(322, 204, 'S21XPx', '2017-05-22 07:58:35', 'E', 'pass'),
(323, 204, 'FmVsJ6', '2017-05-22 08:02:08', 'E', 'pass'),
(324, 204, 'IgGcQu', '2017-05-22 08:03:00', 'E', 'pass'),
(325, 204, 'x5Wg2m', '2017-05-22 08:06:52', 'E', 'pass'),
(326, 204, 'RCjzn5', '2017-05-22 08:08:33', 'E', 'pass'),
(327, 204, 'SQybL5', '2017-05-22 08:08:40', 'E', 'pass'),
(328, 204, 'oFYplB', '2017-05-22 08:09:31', 'E', 'pass'),
(329, 204, '2XSa9c', '2017-05-22 08:12:46', 'E', 'pass'),
(330, 211, '8TDYri', '2017-05-22 11:45:57', 'A', 'email'),
(331, 204, 'BefrtE', '2017-05-22 14:24:05', 'E', 'pass'),
(332, 204, 'bSXOKz', '2017-05-22 14:24:34', 'U', 'pass'),
(333, 212, 'KQXaN7', '2017-05-22 14:40:55', 'A', 'email'),
(334, 213, '6Gi5JD', '2017-05-22 14:41:21', 'E', 'email'),
(335, 213, 'r2pjk1', '2017-05-22 14:42:32', 'A', 'email'),
(336, 214, '0ctbKi', '2017-05-23 09:13:02', 'E', 'email'),
(337, 214, 'nVLUGx', '2017-05-23 09:29:40', 'E', 'email'),
(338, 192, 'xZtfhC', '2017-05-23 10:11:11', 'U', 'pass'),
(339, 215, 'LnjfX7', '2017-05-23 11:45:08', 'A', 'email'),
(340, 214, 'JlxHTI', '2017-05-23 11:54:09', 'A', 'email'),
(341, 216, 'Bw1ODJ', '2017-05-23 11:56:21', 'A', 'email'),
(342, 217, 'YqBZsF', '2017-05-23 12:02:25', 'A', 'email'),
(343, 218, 'SuDZ07', '2017-05-23 12:04:01', 'A', 'email'),
(344, 219, '2OxKZY', '2017-05-23 12:09:59', 'A', 'email'),
(345, 220, 'jCO2wf', '2017-05-23 12:13:45', 'A', 'email'),
(346, 221, 'jcETzO', '2017-05-23 12:15:28', 'A', 'email'),
(347, 222, 'DyaCeB', '2017-05-23 12:19:42', 'A', 'email'),
(348, 223, 'lR7Ca6', '2017-05-23 12:20:35', 'A', 'email'),
(349, 224, 'nSHFOB', '2017-05-23 12:23:40', 'A', 'email'),
(350, 225, 'aHGwsp', '2017-05-23 12:25:15', 'A', 'email'),
(351, 226, 'rBHXlA', '2017-05-23 12:26:48', 'A', 'email'),
(352, 227, 'tkzMnF', '2017-05-23 12:37:56', 'A', 'email'),
(353, 228, 'WkK0uB', '2017-05-23 12:38:45', 'E', 'email'),
(354, 229, 'MQsW5C', '2017-05-23 12:40:18', 'A', 'email'),
(355, 230, 'GewC5z', '2017-05-23 12:40:47', 'A', 'email'),
(356, 231, '6YCEm9', '2017-05-23 12:45:50', 'A', 'email'),
(357, 232, 'xnuCWD', '2017-05-23 12:46:28', 'A', 'email'),
(358, 233, '20FCVj', '2017-05-23 12:47:51', 'A', 'email'),
(359, 234, 'Ikv9Jg', '2017-05-23 12:48:36', 'A', 'email'),
(360, 235, 'fb13Am', '2017-05-23 12:50:39', 'A', 'email'),
(361, 236, 'Pj3gaq', '2017-05-23 13:02:23', 'A', 'email'),
(362, 194, 'jKhcSb', '2017-05-23 13:41:14', 'U', 'email'),
(363, 237, 'z5hQU2', '2017-05-23 13:54:53', 'A', 'email'),
(364, 189, 'l4jM6k', '2017-05-23 13:58:56', 'U', 'pass'),
(365, 238, 'B9IUc7', '2017-05-23 14:14:35', 'A', 'email'),
(366, 239, 'Mw4bNv', '2017-05-23 14:15:14', 'A', 'email'),
(367, 240, 'pgvPKe', '2017-05-23 14:17:30', 'A', 'email'),
(368, 241, 'h3tlQZ', '2017-05-23 14:21:40', 'A', 'email'),
(369, 242, 'nMLm0r', '2017-05-23 14:24:22', 'A', 'email'),
(370, 243, 'xJcRW9', '2017-05-23 14:25:51', 'A', 'email'),
(371, 244, '0miwfU', '2017-05-23 14:28:56', 'A', 'email'),
(372, 245, 'wXvFB9', '2017-05-23 14:30:14', 'A', 'email'),
(373, 246, 'P2OCtc', '2017-05-23 14:31:17', 'A', 'email'),
(374, 247, 'AgbqlR', '2017-05-23 14:32:25', 'A', 'email'),
(375, 248, 'hV3YBJ', '2017-05-23 14:35:42', 'A', 'email'),
(376, 249, 'NFi2ms', '2017-05-23 14:37:32', 'A', 'email'),
(377, 250, 'CEORtX', '2017-05-23 14:46:19', 'A', 'email'),
(378, 251, 'WGiXyD', '2017-05-24 05:17:02', 'A', 'email'),
(379, 252, 'jXyU6u', '2017-05-24 05:17:35', 'A', 'email'),
(380, 253, 'meAFMV', '2017-05-24 05:18:50', 'A', 'email'),
(381, 254, 'U0a7fD', '2017-05-24 05:27:35', 'U', 'email'),
(382, 255, '15cpWg', '2017-05-24 05:28:25', 'U', 'email'),
(383, 254, 'CcRrNM', '2017-05-24 05:33:02', 'A', 'pass'),
(384, 256, '5KEFUG', '2017-05-24 05:34:41', 'A', 'email'),
(385, 257, 'opU79t', '2017-05-24 05:35:05', 'A', 'email'),
(386, 258, 'fI6tDu', '2017-05-24 05:40:21', 'U', 'email'),
(387, 259, 'r93C6w', '2017-05-24 05:43:28', 'A', 'email'),
(388, 260, 'YZwv6K', '2017-05-24 05:45:31', 'A', 'email'),
(389, 261, 'psIy20', '2017-05-24 05:47:04', 'A', 'email'),
(390, 262, 'RnlEfC', '2017-05-24 05:47:35', 'A', 'email'),
(391, 263, 'Vn1jYw', '2017-05-24 05:50:03', 'A', 'email'),
(392, 264, 'Ka2NMP', '2017-05-24 05:52:23', 'A', 'email'),
(393, 265, '9n2Fs6', '2017-05-24 05:54:48', 'A', 'email'),
(394, 266, '73myfY', '2017-05-24 05:59:05', 'A', 'email'),
(395, 267, 'Egi8ol', '2017-05-24 06:05:05', 'A', 'email'),
(396, 268, 'bgJTK5', '2017-05-24 06:10:43', 'A', 'email'),
(397, 269, 'cZ0XiR', '2017-05-24 06:14:28', 'A', 'email'),
(398, 270, 'sUKjcv', '2017-05-24 06:15:22', 'A', 'email'),
(399, 204, 'vVFuK3', '2017-05-24 06:23:52', 'E', 'pass'),
(400, 204, 'zf7GOD', '2017-05-24 06:24:35', 'E', 'pass'),
(401, 204, '8BAYyD', '2017-05-24 06:27:01', 'U', 'pass'),
(402, 204, '5ulLcH', '2017-05-24 06:31:43', 'U', 'pass'),
(403, 204, 'sU2fkO', '2017-05-24 06:36:09', 'U', 'pass'),
(404, 204, '2RLxOz', '2017-05-24 06:39:50', 'U', 'pass'),
(405, 271, 'XIJjVS', '2017-05-24 06:44:05', 'A', 'email'),
(406, 204, '8ZSyGT', '2017-05-24 06:47:22', 'E', 'pass'),
(407, 204, '6w5k0H', '2017-05-24 06:47:37', 'E', 'pass'),
(408, 204, 'vswH7O', '2017-05-24 06:47:45', 'E', 'pass'),
(409, 228, 'eoUqD0', '2017-05-24 06:48:52', 'E', 'pass'),
(410, 228, '5hRxzm', '2017-05-24 06:48:58', 'E', 'pass'),
(411, 228, 'l0za3t', '2017-05-24 06:49:00', 'A', 'pass'),
(412, 272, '3frWEJ', '2017-05-24 06:56:58', 'A', 'email'),
(413, 273, 'UWnTMK', '2017-05-24 07:00:17', 'A', 'email'),
(414, 274, 't2AWzG', '2017-05-24 07:09:46', 'A', 'email'),
(415, 275, 'Fx4hvH', '2017-05-24 07:11:38', 'A', 'email'),
(416, 276, '7cQVEX', '2017-05-24 07:59:19', 'A', 'email'),
(417, 277, 'zIUM6m', '2017-05-24 08:00:06', 'A', 'email'),
(418, 278, 'lJpVDf', '2017-05-24 08:02:52', 'A', 'email'),
(419, 279, '6ZaQJF', '2017-05-24 08:04:23', 'A', 'email'),
(420, 204, 'RBfev1', '2017-05-26 10:39:49', 'U', 'pass'),
(421, 204, 'jxa2Sg', '2017-05-26 10:48:17', 'U', 'pass'),
(422, 204, 'JpikTN', '2017-05-26 10:51:10', 'E', 'pass'),
(423, 204, 'h9Iutx', '2017-05-26 10:51:17', 'E', 'pass'),
(424, 204, '9zf53l', '2017-05-26 10:54:12', 'E', 'pass'),
(425, 204, 'nYHlCa', '2017-05-26 10:54:43', 'E', 'pass'),
(426, 204, 'azDwgs', '2017-05-26 10:59:20', 'U', 'pass'),
(427, 204, 'sOL4pS', '2017-05-26 11:01:20', 'U', 'pass'),
(428, 204, 'hVJ3Lv', '2017-05-26 11:03:06', 'E', 'pass'),
(429, 204, 'BEGz0T', '2017-05-26 11:03:25', 'E', 'pass'),
(430, 204, 'ctBkQT', '2017-05-26 11:06:00', 'U', 'pass'),
(431, 204, 'Kqh5tY', '2017-05-26 11:10:26', 'U', 'pass'),
(432, 280, 'Yn7mij', '2017-05-30 08:23:52', 'A', 'email'),
(433, 194, 'hZVWQ4', '2017-06-03 14:50:41', 'U', 'pass'),
(434, 281, '2y4Glo', '2017-06-03 20:03:17', 'E', 'email'),
(435, 281, 'AHXNzS', '2017-06-03 20:06:45', 'U', 'email'),
(436, 281, 'uG9kB8', '2017-06-03 20:10:33', 'U', 'pass'),
(437, 282, 'IsulaT', '2017-06-04 13:06:08', 'E', 'email'),
(438, 283, '4svpjx', '2017-06-05 08:51:15', 'A', 'email'),
(439, 284, 'iNmkn2', '2017-06-05 08:53:43', 'A', 'email'),
(440, 282, '61SRGZ', '2017-06-05 08:59:58', 'U', 'email'),
(441, 285, 'agoIiL', '2017-06-05 12:44:35', 'A', 'email'),
(442, 286, '2lES8B', '2017-06-06 08:09:59', 'U', 'email'),
(443, 287, 'XsaQVb', '2017-06-26 12:16:30', 'E', 'email'),
(444, 287, 'fAB6cQ', '2017-06-26 12:22:52', 'U', 'email'),
(445, 288, 'Ditgq7', '2017-06-26 14:03:57', 'A', 'email'),
(446, 289, 'RH65ku', '2017-06-26 14:05:43', 'U', 'email'),
(447, 187, '7BjxZS', '2017-06-27 06:47:11', 'E', 'pass'),
(448, 187, 'VaQN5s', '2017-06-27 06:47:21', 'E', 'pass'),
(449, 187, 'wq80iJ', '2017-06-27 06:56:42', 'A', 'pass'),
(450, 194, 'wP6X2H', '2017-06-29 11:08:54', 'U', 'pass'),
(451, 290, 'b4Kzau', '2017-06-29 19:05:58', 'A', 'email'),
(452, 194, 'f6ZbRp', '2017-06-29 19:12:30', 'E', 'pass'),
(453, 194, 'Ekefli', '2017-06-29 19:13:13', 'U', 'pass'),
(454, 291, '4gXrAW', '2017-07-24 00:29:20', 'U', 'email'),
(455, 292, 'zp05Xw', '2017-07-31 00:08:05', 'U', 'email');

-- --------------------------------------------------------

--
-- Table structure for table `m_language`
--

CREATE TABLE IF NOT EXISTS `m_language` (
  `id` int(200) NOT NULL AUTO_INCREMENT,
  `language` varchar(200) NOT NULL,
  `status` enum('A','D') NOT NULL,
  PRIMARY KEY (`id`)
) ENGINE=InnoDB  DEFAULT CHARSET=latin1 AUTO_INCREMENT=3 ;

--
-- Dumping data for table `m_language`
--

INSERT INTO `m_language` (`id`, `language`, `status`) VALUES
(1, 'english', 'A'),
(2, 'spanish', 'A');

-- --------------------------------------------------------

--
-- Table structure for table `m_rate`
--

CREATE TABLE IF NOT EXISTS `m_rate` (
  `id` int(200) NOT NULL AUTO_INCREMENT,
  `rate` varchar(200) NOT NULL,
  `type` enum('PP','PH') NOT NULL,
  `status` enum('A','D') NOT NULL,
  PRIMARY KEY (`id`)
) ENGINE=InnoDB  DEFAULT CHARSET=latin1 AUTO_INCREMENT=6 ;

--
-- Dumping data for table `m_rate`
--

INSERT INTO `m_rate` (`id`, `rate`, `type`, `status`) VALUES
(1, '29', 'PP', 'A'),
(2, '15', 'PH', 'A'),
(3, '30', 'PP', 'D'),
(4, '20', 'PH', 'D'),
(5, '35', 'PP', 'D');

-- --------------------------------------------------------

--
-- Table structure for table `project`
--

CREATE TABLE IF NOT EXISTS `project` (
  `id` int(200) NOT NULL AUTO_INCREMENT,
  `cus_id` int(200) NOT NULL,
  `project_name` varchar(200) NOT NULL,
  `main_lang` varchar(200) NOT NULL,
  `conversion_lang` varchar(200) NOT NULL,
  `project_type` enum('DOC','LIV') NOT NULL,
  `project_desc` text NOT NULL,
  `status` enum('A','D') NOT NULL,
  `running_status` enum('O','CL','A','W','CM') NOT NULL,
  `for_project` enum('PU','PR') NOT NULL,
  `datetime` datetime NOT NULL,
  `complete_datetime` datetime NOT NULL,
  `rand_no` varchar(200) NOT NULL,
  PRIMARY KEY (`id`)
) ENGINE=InnoDB  DEFAULT CHARSET=latin1 AUTO_INCREMENT=259 ;

--
-- Dumping data for table `project`
--

INSERT INTO `project` (`id`, `cus_id`, `project_name`, `main_lang`, `conversion_lang`, `project_type`, `project_desc`, `status`, `running_status`, `for_project`, `datetime`, `complete_datetime`, `rand_no`) VALUES
(76, 185, 'Lori Matt Doc', '1 ', '2 ', 'DOC', 'Please translate', 'A', 'O', 'PR', '2017-05-04 02:08:57', '0000-00-00 00:00:00', '4Le3ij'),
(77, 188, 'test', '1 ', '2 ', 'LIV', 'Lorem Ipsum is simply dummy text of the printing and typesetting industry. Lorem Ipsum has been the industry''s standard dummy text ever since the 1500s, when an unknown printer took a galley of type and scrambled it to make a type specimen book. It has survived not only five centuries, but also the leap into electronic typesetting, remaining essentially unchanged. It was popularised in the 1960s with the release of Letraset sheets containing Lorem Ipsum passages, and more recently with desktop publishing software like Aldus PageMaker including versions of Lorem Ipsum.', 'A', 'CM', 'PU', '2017-05-04 07:09:10', '2017-05-09 12:21:11', 'ucvQtm'),
(78, 188, 'test', '1 ', '2 ', 'DOC', 'testing', 'A', 'O', 'PU', '2017-05-04 07:10:00', '0000-00-00 00:00:00', 'BqQg9c'),
(79, 188, 'test', '1', '2', 'LIV', 'wweeee', 'A', 'CL', 'PU', '2017-05-05 09:06:39', '2017-05-25 07:27:43', 'ZPF01U'),
(80, 188, 'ASDFG', '1', '2', 'LIV', 'Jldi se convert Kr Do Bhiaya', 'A', 'CM', 'PU', '2017-05-05 10:31:16', '2017-05-25 07:20:24', 'tXeoPj'),
(81, 188, 'poor', '1', '2', 'LIV', 'qwertyu', 'A', 'W', 'PU', '2017-05-05 10:50:13', '0000-00-00 00:00:00', 'pqVD9n'),
(82, 192, 'iPhone testing project', '1', '2', 'DOC', 'qwerty point u asd fg alsnmzbxncjls aims ka aj', 'A', 'W', 'PU', '2017-05-05 13:20:12', '0000-00-00 00:00:00', '9CpQFs'),
(83, 192, 'iphone DL testing project', '1', '2', 'LIV', 'qwerty 12345678890 ABCD abhi klow qwerty', 'A', 'W', 'PU', '2017-05-07 12:04:30', '0000-00-00 00:00:00', '5h6abf'),
(84, 192, 'iphone HL project', '1', '2', 'LIV', 'abc', 'A', 'O', 'PU', '2017-05-07 12:37:25', '0000-00-00 00:00:00', 'hLNR6e'),
(85, 188, 'wow or', '1', '1', 'LIV', 'English to english translate', 'A', 'O', 'PU', '2017-05-09 08:20:02', '0000-00-00 00:00:00', 'MAFreL'),
(86, 188, 'doc doc', '1', '2', 'DOC', 'Lorem Ipsum is simply dummy text of the printing and typesetting industry. Lorem Ipsum has been the industry''s standard dummy text ever since the 1500s, when an unknown printer took a galley of type and scrambled it to make a type specimen book. It has survived not only five centuries, but also the leap into electronic typesetting, remaining essentially unchanged. It was popularised in the 1960s with the release of Letraset sheets containing Lorem Ipsum passages, and more recently with desktop publishing software like Aldus PageMaker including versions of Lorem Ipsum.', 'A', 'CM', 'PU', '2017-05-11 13:27:25', '2017-05-13 08:16:41', 'ERrPZ9'),
(87, 192, 'Testing live', '1', '2', 'LIV', 'Lorem Ipsum is simply dummy text of the printing and typesetting industry. Lorem Ipsum has been the industry''s standard dummy text ever since the 1500s, when an unknown printer took a galley of type and scrambled it to make a type specimen book. It has survived not only five centuries, but also the leap into electronic typesetting, remaining essentially unchanged. It was popularised in the 1960s with the release of Letraset sheets containing Lorem Ipsum passages, and more recently with desktop publishing software like Aldus PageMaker including versions of Lorem Ipsum.', 'A', 'O', 'PU', '2017-05-12 15:19:35', '0000-00-00 00:00:00', 'bTxJkW'),
(88, 188, 'Testing Doc Cod 12345 1234', '1', '1', 'DOC', 'convert it', 'A', 'CM', 'PU', '2017-05-15 08:41:05', '2017-06-05 11:28:04', 'mTD2WV'),
(89, 188, 'test', '1', '2', 'LIV', 'data', 'A', 'W', 'PU', '2017-05-19 11:45:34', '2017-06-29 08:05:37', '4G25F8'),
(90, 188, 'test', '1', '2', 'LIV', 'dddd', 'A', 'O', 'PU', '2017-05-19 13:26:31', '0000-00-00 00:00:00', '7tnUzO'),
(91, 188, 'to', '1', '2', 'LIV', 'dat', 'A', 'O', 'PU', '2017-05-20 09:55:53', '0000-00-00 00:00:00', 'psKEQo'),
(92, 188, 'did', '1', '2', 'LIV', 'dd', 'A', 'O', 'PR', '2017-05-20 09:56:39', '0000-00-00 00:00:00', 'PMQHTA'),
(93, 188, 'as', '1', '2', 'LIV', 'aa', 'A', 'W', 'PU', '2017-05-20 10:00:46', '0000-00-00 00:00:00', 'wy0qrV'),
(94, 188, 'a', '1', '2', 'LIV', 'aa', 'A', 'O', 'PU', '2017-05-20 10:03:45', '0000-00-00 00:00:00', 'PpLzkS'),
(95, 188, 'dd', '2', '1', 'LIV', 'ddd', 'A', 'CL', 'PU', '2017-05-20 10:05:54', '2017-05-25 08:12:27', 'vnE8fD'),
(96, 188, 'aaa', '1', '2', 'LIV', 'aaa', 'A', 'O', 'PU', '2017-05-20 10:08:31', '0000-00-00 00:00:00', 'N0EK94'),
(97, 188, 'a', '2', '1', 'LIV', 'aa', 'A', 'W', 'PU', '2017-05-20 10:09:40', '0000-00-00 00:00:00', 'aCROLv'),
(98, 188, 'FDA', '1', '2', 'LIV', 'fgdf', 'A', 'W', 'PU', '2017-05-20 12:46:03', '2017-05-25 06:40:06', '9vAbYf'),
(99, 188, 'ubbu', '1', '2', 'DOC', 'vuuv', 'A', 'CL', 'PU', '2017-05-22 11:00:53', '2017-05-25 06:14:32', 'bPTOQS'),
(100, 188, 'gvvh', '2', '1', 'DOC', 'guugvu', 'A', 'O', 'PR', '2017-05-22 12:42:35', '0000-00-00 00:00:00', 'VLy18o'),
(101, 188, 'hi', '2', '1', 'DOC', 'kblb', 'A', 'CM', 'PU', '2017-05-23 07:24:00', '2017-05-25 07:00:17', 'Rq0MAL'),
(102, 188, 'eww', '1', '1', 'LIV', 'we', 'A', 'W', 'PU', '2017-05-23 10:33:27', '0000-00-00 00:00:00', 'HaDzkU'),
(103, 188, 'ds', '1', '1', 'LIV', 'dd', 'A', 'O', 'PU', '2017-05-23 10:34:31', '0000-00-00 00:00:00', '2vWbnM'),
(104, 188, 'high tg', '1', '1', 'LIV', 'hhh gh', 'A', 'CM', 'PU', '2017-05-23 10:37:50', '2017-05-25 06:35:24', 'gcxR4N'),
(105, 188, 'can', '2', '1', 'LIV', 'dads dd', 'A', 'O', 'PU', '2017-05-23 10:44:22', '0000-00-00 00:00:00', 'xJzXWR'),
(106, 188, 'dsf', '1', '1', 'LIV', 'dsf', 'A', 'O', 'PU', '2017-05-23 10:45:02', '0000-00-00 00:00:00', '1yTskq'),
(107, 188, 'the', '1', '1', 'LIV', 'few klnbkjbjk', 'A', 'O', 'PU', '2017-05-23 11:20:14', '0000-00-00 00:00:00', 'fOJ71H'),
(108, 188, 'uvbu', '2', '2', 'DOC', 'ggg', 'A', 'O', 'PR', '2017-05-23 13:21:41', '0000-00-00 00:00:00', 'In6fCg'),
(109, 188, 'uvbu', '2', '2', 'DOC', 'ggg', 'A', 'O', 'PR', '2017-05-23 13:22:56', '0000-00-00 00:00:00', 'k4RI9S'),
(110, 188, 'ucvj', '2', '1', 'DOC', 'jcvjjc', 'A', 'O', 'PR', '2017-05-23 13:27:26', '0000-00-00 00:00:00', 'lYQsjb'),
(111, 188, 'vjjv', '2', '2', 'DOC', 'mom ', 'A', 'O', 'PR', '2017-05-23 13:32:05', '0000-00-00 00:00:00', '3Ko4r1'),
(112, 188, 'gg', '2', '1', 'DOC', 'yvuv', 'A', 'W', 'PR', '2017-05-23 13:35:07', '0000-00-00 00:00:00', '9MD7So'),
(113, 188, 'hii', '2', '1', 'DOC', 'ivbo', 'A', 'O', 'PR', '2017-05-24 11:21:59', '0000-00-00 00:00:00', 'T5N1jA'),
(114, 188, 'cy', '2', '1', 'DOC', 'viivib iv', 'A', 'O', 'PU', '2017-05-24 11:27:29', '0000-00-00 00:00:00', 'ftaU0b'),
(115, 188, 'xxu', '2', '1', 'DOC', 'chh', 'A', 'O', 'PR', '2017-05-24 11:36:34', '0000-00-00 00:00:00', 'eM1pBg'),
(116, 188, 'xhch', '2', '1', 'DOC', 'vvb', 'A', 'O', 'PR', '2017-05-24 11:37:10', '0000-00-00 00:00:00', 'y46VGz'),
(117, 188, 'biib', '2', '1', 'DOC', 'bkkb', 'A', 'O', 'PR', '2017-05-24 11:46:13', '0000-00-00 00:00:00', 'ENXa3P'),
(118, 188, 'jvjv', '2', '1', 'DOC', 'igvi', 'A', 'O', 'PR', '2017-05-24 11:48:19', '0000-00-00 00:00:00', 'HCBoAG'),
(119, 188, ' jub', '1', '1', 'DOC', 'nn', 'A', 'O', 'PR', '2017-05-24 11:51:40', '0000-00-00 00:00:00', '5BUQg6'),
(120, 188, 'ig,,g', '1', '2', 'DOC', 'xyyx', 'A', 'O', 'PR', '2017-05-24 11:54:23', '0000-00-00 00:00:00', 'ocAl7a'),
(121, 188, 'bikv', '1', '2', 'LIV', 'iggigi', 'A', 'O', 'PR', '2017-05-25 12:09:39', '0000-00-00 00:00:00', 'SXDs0F'),
(122, 188, 'salh', '2', '2', 'LIV', 'jcvi', 'A', 'O', 'PR', '2017-05-25 12:10:18', '0000-00-00 00:00:00', '0PzerN'),
(123, 188, 'test', '1', '2', 'DOC', 'abc', 'A', 'O', 'PU', '2017-05-27 07:01:52', '0000-00-00 00:00:00', 'V5vJB6'),
(124, 188, 'test', '1', '2', 'DOC', 'abc', 'A', 'O', 'PU', '2017-05-27 07:01:56', '0000-00-00 00:00:00', 'zlpr2V'),
(125, 188, 'test', '1', '2', 'DOC', 'abc', 'A', 'O', 'PU', '2017-05-27 07:02:03', '0000-00-00 00:00:00', 'WUsRO8'),
(126, 188, 'test', '1', '2', 'DOC', 'abc', 'A', 'O', 'PU', '2017-05-27 07:02:07', '0000-00-00 00:00:00', '5IQlVb'),
(127, 188, 'test', '1', '2', 'DOC', 'abc', 'A', 'O', 'PU', '2017-05-27 07:02:07', '0000-00-00 00:00:00', '0LvakJ'),
(128, 188, 'test', '1', '2', 'DOC', 'abc', 'A', 'O', 'PU', '2017-05-27 07:02:07', '0000-00-00 00:00:00', 'DBHowf'),
(129, 188, 'test', '1', '2', 'DOC', 'abc', 'A', 'O', 'PU', '2017-05-27 07:02:08', '0000-00-00 00:00:00', 'UpAP4j'),
(130, 188, 'test', '1', '2', 'DOC', 'abc', 'A', 'O', 'PU', '2017-05-27 07:02:09', '0000-00-00 00:00:00', 'BWUaPQ'),
(131, 188, 'test', '1', '2', 'DOC', 'abc', 'A', 'O', 'PU', '2017-05-27 07:02:10', '0000-00-00 00:00:00', 'Jniz9N'),
(132, 188, 'test', '1', '2', 'DOC', 'abc', 'A', 'W', 'PU', '2017-05-27 07:02:14', '0000-00-00 00:00:00', 'R6p0ni'),
(133, 188, 'test', '1', '2', 'LIV', 'abc', 'A', 'W', 'PU', '2017-05-27 09:50:49', '0000-00-00 00:00:00', 'qQDgAU'),
(134, 188, 'doc', '1', '2', 'DOC', 'abc', 'A', 'CL', 'PU', '2017-05-27 09:51:43', '2017-06-05 11:31:19', '2IeCTb'),
(135, 188, 'a', '1', '2', 'LIV', 'abc', 'A', 'W', 'PU', '2017-05-27 10:44:41', '0000-00-00 00:00:00', 'nBwoe7'),
(136, 188, 'test', '1', '2', 'DOC', 'data', 'A', 'W', 'PU', '2017-05-27 10:45:47', '0000-00-00 00:00:00', 'MTcNRf'),
(137, 192, 'crashing', '1', '2', 'DOC', 'abc testing', 'A', 'W', 'PU', '2017-06-05 08:22:05', '0000-00-00 00:00:00', 'EeBJ69'),
(138, 192, 'crashing', '1', '2', 'DOC', 'abc testing', 'A', 'O', 'PU', '2017-06-05 08:22:10', '0000-00-00 00:00:00', 'S2EKQJ'),
(139, 192, 'crashing', '1', '2', 'DOC', 'abc testing', 'A', 'O', 'PU', '2017-06-05 08:22:12', '0000-00-00 00:00:00', 'FTqyJi'),
(140, 192, 'crashing with private', '1', '2', 'DOC', 'abc 1234567890', 'A', 'W', 'PR', '2017-06-05 08:25:57', '0000-00-00 00:00:00', '23yhvk'),
(141, 192, 'live test loader', '1', '2', 'LIV', 'acjak', 'A', 'W', 'PU', '2017-06-05 09:07:03', '0000-00-00 00:00:00', 'RuClJr'),
(142, 188, 'xdgvhj,', 'Main Language', '1 ', 'LIV', 'asdfvb', 'A', 'W', 'PR', '2017-06-06 08:02:31', '0000-00-00 00:00:00', 'SJq5kF'),
(143, 188, 'dsfdsf', '1 ', '2 ', 'LIV', 'aaaaaaaa aaaaaaaaaaaa aaaa', 'A', 'W', 'PR', '2017-06-06 08:04:09', '0000-00-00 00:00:00', 'bGULQ2'),
(144, 188, 'sadafewrf', '1', '2', 'LIV', 'dfgdfg', 'A', 'O', 'PU', '2017-06-06 12:46:42', '0000-00-00 00:00:00', 'W2R69G'),
(145, 188, 'asdasf', '1', '2', 'LIV', 'sad as', 'A', 'CL', 'PU', '2017-06-06 12:51:02', '2017-06-30 07:10:41', 'vgUAWS'),
(146, 188, 'Document Downloading Testing from WEB', '1 ', '2 ', 'DOC', 'abc', 'A', 'W', 'PU', '2017-06-06 14:37:41', '0000-00-00 00:00:00', 'q0j4Fn'),
(147, 188, 'Testing from Hire the Translator', '1 ', '2 ', 'DOC', 'abc 1234 qwerty 123456 asdfgh ', 'A', 'O', 'PR', '2017-06-06 14:47:30', '0000-00-00 00:00:00', 'xFyYB1'),
(148, 188, 'Testing from Hire the Translator for Live Calling', '1 ', '2 ', 'LIV', 'abc abc 1234 qwerty 123456 asdfgh ', 'A', 'O', 'PU', '2017-06-06 14:58:48', '0000-00-00 00:00:00', 'qz7HRO'),
(149, 188, 'Testing from Hire the Translator for Live Calling 2', '1 ', '2 ', 'LIV', 'abc a ', 'A', 'O', 'PR', '2017-06-06 15:05:02', '0000-00-00 00:00:00', 'wcYZkV'),
(150, 188, '', 'Main Language', 'Target Language', 'LIV', '', 'A', 'O', 'PR', '2017-06-07 06:20:06', '0000-00-00 00:00:00', '3NRGLP'),
(151, 188, '', 'Main Language', 'Target Language', 'LIV', '', 'A', 'O', 'PR', '2017-06-07 06:20:13', '0000-00-00 00:00:00', 'ZLiQ7m'),
(152, 188, '', 'Main Language', 'Target Language', 'LIV', '', 'A', 'O', 'PR', '2017-06-07 06:20:37', '0000-00-00 00:00:00', '7mB9TK'),
(153, 188, '', 'Main Language', 'Target Language', 'LIV', '', 'A', 'O', 'PR', '2017-06-07 06:20:55', '0000-00-00 00:00:00', 'FrSc1b'),
(154, 188, '', 'Main Language', 'Target Language', 'LIV', '', 'A', 'O', 'PR', '2017-06-07 06:27:05', '0000-00-00 00:00:00', 'PA4fnh'),
(155, 188, '', 'Main Language', 'Target Language', 'LIV', '', 'A', 'O', 'PR', '2017-06-07 06:27:11', '0000-00-00 00:00:00', 'Z6XPAB'),
(156, 188, 'aszdxfcgvbn', '1 ', '2 ', 'LIV', 'asz dsads ds ds d s d ', 'A', 'O', 'PR', '2017-06-07 06:27:23', '0000-00-00 00:00:00', 'WhwbRt'),
(157, 188, '', 'Main Language', 'Target Language', 'LIV', '', 'A', 'O', 'PR', '2017-06-07 06:27:38', '0000-00-00 00:00:00', 'SznwB6'),
(158, 188, 'aaaa tttt yyy', '1 ', '2 ', 'LIV', 'cjkvkvgkv bkvhoh vkvog bvl. bhlbblb', 'A', 'O', 'PU', '2017-06-07 06:31:55', '0000-00-00 00:00:00', 'sC6u50'),
(159, 188, 'Private Project Testing', '1 ', '2 ', 'DOC', 'oiu wyd dsiuwe sopdsu wwdywyf wefpowef fuwef ', 'A', 'O', 'PR', '2017-06-07 06:48:56', '0000-00-00 00:00:00', 'gsOBWc'),
(160, 188, 'fgg', '1', '2', 'DOC', 'chhjcaitlz18@gmail.com', 'A', 'O', 'PU', '2017-06-07 13:44:47', '0000-00-00 00:00:00', 'KUhxY1'),
(161, 188, 'fgg', '1', '2', 'LIV', 'ccg', 'A', 'O', 'PU', '2017-06-07 13:45:25', '0000-00-00 00:00:00', '9zBWRQ'),
(162, 192, 'Loader Testing', '1', '2', 'DOC', 'abc qwerty 123456', 'A', 'O', 'PU', '2017-06-12 12:57:44', '0000-00-00 00:00:00', 'EsnRKL'),
(163, 192, 'T loader testing', '1', '2', 'DOC', 'abcghjk ', 'A', 'W', 'PU', '2017-06-12 13:00:37', '0000-00-00 00:00:00', '0cTVAn'),
(164, 188, 'rrr', '1', '2', 'DOC', 'rrrr', 'A', 'O', 'PU', '2017-06-14 09:51:06', '0000-00-00 00:00:00', 'vazc12'),
(165, 188, 'hahzha', '1', '2', 'DOC', 'hahahshs', 'A', 'CM', 'PU', '2017-06-14 10:38:21', '2017-06-29 05:17:59', 'ozePUw'),
(166, 188, 'hahzha', '1', '2', 'DOC', 'hahahshs', 'A', 'O', 'PU', '2017-06-14 10:38:22', '0000-00-00 00:00:00', 'Prc6Ge'),
(167, 188, 'fgh', '1', '2', 'DOC', 'kya l k', 'A', 'O', 'PU', '2017-06-14 10:50:34', '0000-00-00 00:00:00', '3QJOfx'),
(168, 188, 'ddd', '1', '2', 'DOC', 'sssff', 'A', 'O', 'PU', '2017-06-14 10:58:23', '0000-00-00 00:00:00', '3Ry1WD'),
(169, 188, 'hand', '1', '2', 'DOC', 'hahshs', 'A', 'O', 'PU', '2017-06-14 11:00:37', '0000-00-00 00:00:00', 'j6pNAF'),
(170, 188, 'fgg', '1', '2', 'DOC', 'ccc', 'A', 'O', 'PU', '2017-06-14 11:02:43', '0000-00-00 00:00:00', 'yG4mrX'),
(171, 188, ' try', '1', '2', 'DOC', 'fgg', 'A', 'W', 'PU', '2017-06-14 11:04:49', '0000-00-00 00:00:00', '2JHZ5M'),
(172, 188, 'fgh', '1', '1', 'DOC', 'hjhfh', 'A', 'O', 'PU', '2017-06-14 11:15:15', '0000-00-00 00:00:00', 'JjEKxc'),
(173, 188, '3r3', '1', '2', 'DOC', 'fdg', 'A', 'O', 'PU', '2017-06-14 11:38:25', '0000-00-00 00:00:00', 'NC6c2l'),
(174, 188, 'feed', '1', '2', 'LIV', 'ef', 'A', 'O', 'PU', '2017-06-14 11:56:33', '0000-00-00 00:00:00', 'EkCQ95'),
(175, 188, 'wet', '1', '2', 'DOC', 'erfrege', 'A', 'O', 'PU', '2017-06-14 11:57:20', '0000-00-00 00:00:00', 'AMXc9p'),
(176, 188, 'ban', '1', '2', 'LIV', 'aha', 'A', 'CM', 'PU', '2017-06-14 13:38:16', '2017-06-20 07:38:53', 'ZDlRg3'),
(177, 188, 'Isis', '1', '2', 'DOC', 'hzhzh', 'A', 'O', 'PU', '2017-06-14 13:38:51', '0000-00-00 00:00:00', 'SfKIAW'),
(178, 188, 'salman', '2', '1', 'DOC', 'hi', 'A', 'CM', 'PR', '2017-06-24 08:27:02', '2017-06-30 06:55:39', 'CcbevI'),
(179, 188, 'sa', '1', '1', 'LIV', 'vmkv', 'A', 'CM', 'PR', '2017-06-24 08:32:56', '2017-06-29 12:13:17', '2JyANH'),
(180, 188, 'wet', '1', '2', 'DOC', 'ertti', 'A', 'O', 'PU', '2017-06-26 10:18:48', '0000-00-00 00:00:00', 'Lli3h8'),
(181, 188, 'wet', '1', '2', 'DOC', 'ertti', 'A', 'O', 'PU', '2017-06-26 10:18:53', '0000-00-00 00:00:00', 'sFl24U'),
(182, 188, 'wet', '1', '2', 'DOC', 'ertti', 'A', 'O', 'PU', '2017-06-26 10:19:32', '0000-00-00 00:00:00', 'xb4AjQ'),
(183, 188, 'dfewdfs', '1', '1', 'DOC', 'dsf', 'A', 'O', 'PU', '2017-06-26 10:22:19', '0000-00-00 00:00:00', 'wp2yeP'),
(184, 188, 'ewr', '1', '1', 'DOC', 'erwr', 'A', 'W', 'PU', '2017-06-26 10:24:17', '0000-00-00 00:00:00', 'lAZuYi'),
(185, 188, 'had', '1', '2', 'LIV', 'gags', 'A', 'W', 'PU', '2017-06-26 10:54:28', '0000-00-00 00:00:00', 'N1WhZF'),
(186, 192, 'banking', '1', '2', 'DOC', 'I ll let u know about it', 'A', 'W', 'PU', '2017-06-26 14:15:33', '0000-00-00 00:00:00', 'Fnf6rS'),
(187, 188, 'abcd', '1 ', '2 ', 'DOC', '23efdhjjj', 'A', 'O', 'PU', '2017-06-29 06:01:21', '0000-00-00 00:00:00', 'KehcBa'),
(188, 188, 'sdfghnm,', '2 ', '1 ', 'DOC', 'werfghjm,', 'A', 'W', 'PU', '2017-06-29 06:04:02', '0000-00-00 00:00:00', 'S4Zjrk'),
(189, 188, '29 June', '2 ', '1 ', 'DOC', '29 June final testing from web', 'A', 'W', 'PU', '2017-06-29 08:01:50', '0000-00-00 00:00:00', 'zBKMly'),
(190, 188, 'testing 29 june', '2', '1', 'DOC', 'testing ', 'A', 'O', 'PR', '2017-06-29 09:04:08', '0000-00-00 00:00:00', 'Bk3A25'),
(191, 188, 'testing 101', '2', '1', 'DOC', 'hii', 'A', 'O', 'PR', '2017-06-29 09:05:37', '0000-00-00 00:00:00', 'JOKNEC'),
(192, 188, 'testing 101', '1', '2', 'DOC', 'hhh', 'A', 'O', 'PR', '2017-06-29 09:43:32', '0000-00-00 00:00:00', 'isjwaT'),
(193, 188, 'qwe', '1', '1', 'DOC', 'hii', 'A', 'O', 'PR', '2017-06-29 09:45:54', '0000-00-00 00:00:00', 'Q56r4z'),
(194, 192, '19 June android', '1', '2', 'DOC', 'ABC testing 12345', 'A', 'CM', 'PU', '2017-06-29 11:19:04', '2017-06-29 13:37:40', 'JMbZ2v'),
(195, 188, 'salman', '1', '2', 'LIV', 'ohohhi', 'A', 'O', 'PR', '2017-06-29 14:20:31', '0000-00-00 00:00:00', 'ohksL0'),
(196, 188, '29 audio testing', '1', '2', 'LIV', 'testing', 'A', 'CM', 'PR', '2017-06-29 14:22:38', '2017-06-30 06:55:02', 'VOE9fb'),
(197, 188, '29 audio testing', '1', '2', 'LIV', 'testing', 'A', 'O', 'PR', '2017-06-29 14:23:05', '0000-00-00 00:00:00', 'BAR4kb'),
(198, 188, '29 audio testing', '1', '2', 'LIV', 'testing', 'A', 'O', 'PR', '2017-06-29 14:23:05', '0000-00-00 00:00:00', '8sZIlY'),
(199, 188, '29 audio testing', '1', '2', 'LIV', 'testing', 'A', 'O', 'PR', '2017-06-29 14:23:18', '0000-00-00 00:00:00', 'cg1hvZ'),
(200, 188, '29 audio testing', '1', '2', 'LIV', 'testing', 'A', 'O', 'PR', '2017-06-29 14:23:18', '0000-00-00 00:00:00', 'KIM35G'),
(201, 188, '30', '1', '1', 'LIV', 'hj', 'A', 'O', 'PR', '2017-06-29 14:31:51', '0000-00-00 00:00:00', 'zLrT3b'),
(202, 192, 'testing1234', '1', '2', 'LIV', 'testing', 'A', 'CM', 'PU', '2017-06-29 14:32:07', '2017-06-29 14:51:00', 'MlnDrE'),
(203, 192, '30 June iPhone', '1', '2', 'DOC', 'abcdef ghijkl', 'A', 'CM', 'PU', '2017-06-29 19:39:20', '2017-06-29 21:08:08', 'gMopDt'),
(204, 192, '30 June iPhone live', '1', '2', 'LIV', 'Angus', 'A', 'O', 'PU', '2017-06-29 19:44:32', '0000-00-00 00:00:00', '6pn2Gc'),
(205, 192, '30 june android', '1', '2', 'LIV', 'abhur', 'A', 'W', 'PU', '2017-06-29 19:54:00', '0000-00-00 00:00:00', 'NVSw1h'),
(206, 188, 'sal', '2', '1', 'LIV', 'hoihi', 'A', 'O', 'PR', '2017-06-30 05:33:20', '0000-00-00 00:00:00', 'yQ378q'),
(207, 188, 'sal', '2', '1', 'LIV', 'hoihi', 'A', 'O', 'PR', '2017-06-30 05:33:42', '0000-00-00 00:00:00', 'FALHE1'),
(208, 188, 'sal', '2', '1', 'LIV', 'hoihi', 'A', 'O', 'PR', '2017-06-30 05:33:42', '0000-00-00 00:00:00', '30UuYZ'),
(209, 188, 'sal', '2', '1', 'LIV', 'hoihi', 'A', 'O', 'PR', '2017-06-30 05:34:00', '0000-00-00 00:00:00', 'U1LNFz'),
(210, 188, 'sal', '2', '1', 'LIV', 'hoihi', 'A', 'O', 'PR', '2017-06-30 05:34:00', '0000-00-00 00:00:00', 'DGvZOA'),
(211, 188, 'hire live', '2', '1', 'LIV', 'cjcj', 'A', 'O', 'PU', '2017-06-30 05:34:21', '0000-00-00 00:00:00', 'GxeNzY'),
(212, 188, 'hire live', '2', '1', 'LIV', 'cjcj', 'A', 'O', 'PU', '2017-06-30 05:34:45', '0000-00-00 00:00:00', '93obza'),
(213, 188, 'hire live', '2', '1', 'LIV', 'cjcj', 'A', 'CM', 'PU', '2017-06-30 05:34:45', '2017-06-30 07:00:07', 'XnLzJQ'),
(214, 188, 'test30', '1', '2', 'LIV', 'hii', 'A', 'O', 'PR', '2017-06-30 05:37:26', '0000-00-00 00:00:00', 'XNjeOc'),
(215, 188, '30 june@11:14', '2', '1', 'LIV', 'hoihi', 'A', 'O', 'PR', '2017-06-30 05:44:26', '0000-00-00 00:00:00', 'uaEOKU'),
(216, 188, '30 june@11:18', '2', '1', 'LIV', 'hoihi', 'A', 'O', 'PR', '2017-06-30 05:44:48', '0000-00-00 00:00:00', '1mCXEs'),
(217, 188, '30 june@11:120', '2', '1', 'LIV', 'hoihi', 'A', 'O', 'PR', '2017-06-30 05:45:00', '0000-00-00 00:00:00', 'VHlBLh'),
(218, 188, 'testing 45', '2', '2', 'LIV', 'hi', 'A', 'O', 'PR', '2017-06-30 05:45:37', '0000-00-00 00:00:00', 'TJh40G'),
(219, 188, 'sal', '2', '1', 'LIV', 'hoihi', 'A', 'O', 'PR', '2017-06-30 05:53:17', '0000-00-00 00:00:00', 'KeGjth'),
(220, 188, 'hire live', '2', '1', 'LIV', 'cjcj', 'A', 'O', 'PU', '2017-06-30 05:53:20', '0000-00-00 00:00:00', 'rcFgeL'),
(221, 188, '1 july', '2', '1', 'LIV', 'sas', 'A', 'O', 'PR', '2017-06-30 06:02:38', '0000-00-00 00:00:00', '7aVsUp'),
(222, 188, '1 july and', '2', '2', 'LIV', 'hii', 'A', 'O', 'PU', '2017-06-30 06:04:02', '0000-00-00 00:00:00', '2RYvaE'),
(223, 188, 'sal', '2', '1', 'LIV', 'hoihi', 'A', 'O', 'PR', '2017-06-30 06:12:01', '0000-00-00 00:00:00', 'VBlWb3'),
(224, 188, 'sal', '2', '1', 'LIV', 'hoihi', 'A', 'O', 'PR', '2017-06-30 06:14:20', '0000-00-00 00:00:00', 'yvxXrm'),
(225, 188, 'hire live', '2', '1', 'LIV', 'cjcj', 'A', 'O', 'PU', '2017-06-30 06:21:55', '0000-00-00 00:00:00', 'WlRvja'),
(226, 188, 'hire live', '2', '1', 'LIV', 'cjcj', 'A', 'O', 'PU', '2017-06-30 06:23:55', '0000-00-00 00:00:00', 'scoLb3'),
(227, 188, 'hire live', '2', '1', 'LIV', 'cjcj', 'A', 'O', 'PU', '2017-06-30 06:24:32', '0000-00-00 00:00:00', 'jvXVPu'),
(228, 188, 'hire live', '2', '1', 'LIV', 'cjcj', 'A', 'O', 'PU', '2017-06-30 06:25:08', '0000-00-00 00:00:00', '94hsE3'),
(229, 188, 'sd', '2', '1', 'DOC', 'we''re', 'A', 'O', 'PU', '2017-06-30 06:25:42', '0000-00-00 00:00:00', 'PRCqsl'),
(230, 188, 'hire live', '2', '1', 'LIV', 'cjcj', 'A', 'O', 'PU', '2017-06-30 06:26:31', '0000-00-00 00:00:00', 'CkAEQS'),
(231, 188, 'hire live', '2', '1', 'LIV', 'cjcj', 'A', 'O', 'PU', '2017-06-30 06:27:44', '0000-00-00 00:00:00', '47Pcno'),
(232, 188, 'hire live', '2', '1', 'LIV', 'cjcj', 'A', 'O', 'PU', '2017-06-30 06:27:44', '0000-00-00 00:00:00', 'b8n6Bp'),
(233, 188, 'rrrr', '1', '2', 'DOC', 'erer', 'A', 'O', 'PU', '2017-06-30 06:33:37', '0000-00-00 00:00:00', 'YrN95P'),
(234, 188, 'er', '1', '2', 'DOC', 'ere', 'A', 'W', 'PU', '2017-06-30 06:34:22', '0000-00-00 00:00:00', 'maBKQZ'),
(235, 188, 'hire live', '2', '1', 'LIV', 'cjcj', 'A', 'O', 'PU', '2017-06-30 06:43:35', '0000-00-00 00:00:00', 'j8ArP2'),
(236, 188, 'hire live', '2', '1', 'LIV', 'cjcj', 'A', 'O', 'PU', '2017-06-30 06:43:54', '0000-00-00 00:00:00', 's3zEit'),
(237, 188, 'hire live', '2', '1', 'LIV', 'cjcj', 'A', 'O', 'PU', '2017-06-30 06:45:49', '0000-00-00 00:00:00', 'HuzyG8'),
(238, 188, 'hire live', '2', '1', 'LIV', 'cjcj', 'A', 'O', 'PU', '2017-06-30 06:45:52', '0000-00-00 00:00:00', 'gsVuMq'),
(239, 188, 'hire live', '2', '1', 'LIV', 'cjcj', 'A', 'O', 'PU', '2017-06-30 06:45:56', '0000-00-00 00:00:00', '6iFDam'),
(240, 188, 'hire live', '2', '1', 'LIV', 'cjcj', 'A', 'O', 'PU', '2017-06-30 06:46:44', '0000-00-00 00:00:00', 'FKMj3A'),
(241, 188, 'hire live', '2', '1', 'LIV', 'cjcj', 'A', 'O', 'PU', '2017-06-30 06:52:06', '0000-00-00 00:00:00', '65xotA'),
(242, 188, 'hire live', '2', '1', 'LIV', 'cjcj', 'A', 'O', 'PU', '2017-06-30 06:52:10', '0000-00-00 00:00:00', 'FAwQtB'),
(243, 188, 'hire live', '2', '1', 'LIV', 'cjcj', 'A', 'O', 'PU', '2017-06-30 06:52:12', '0000-00-00 00:00:00', 'lSReQk'),
(244, 188, 'hire live', '2', '1', 'LIV', 'cjcj', 'A', 'O', 'PU', '2017-06-30 06:52:15', '0000-00-00 00:00:00', 'yb0wJV'),
(245, 188, 'hire live', '2', '1', 'LIV', 'cjcj', 'A', 'O', 'PU', '2017-06-30 06:52:16', '0000-00-00 00:00:00', 'XVJZqz'),
(246, 188, 'hire live', '2', '1', 'LIV', 'cjcj', 'A', 'O', 'PU', '2017-06-30 06:53:17', '0000-00-00 00:00:00', 'e5tsXa'),
(247, 188, 'sal', '2', '1', 'LIV', 'hoihi', 'A', 'O', 'PR', '2017-06-30 06:56:15', '0000-00-00 00:00:00', '9lJH43'),
(248, 188, 'sal', '2', '1', 'LIV', 'hoihi', 'A', 'O', 'PR', '2017-06-30 06:56:16', '0000-00-00 00:00:00', 'yCgwnj'),
(249, 188, 'hire live', '2', '1', 'LIV', 'cjcj', 'A', 'O', 'PU', '2017-06-30 06:58:28', '0000-00-00 00:00:00', '7JCFYu'),
(250, 188, 'hire live', '2', '1', 'LIV', 'cjcj', 'A', 'W', 'PU', '2017-06-30 06:59:56', '0000-00-00 00:00:00', 'sIS7pq'),
(251, 188, 'sal', '2', '1', 'LIV', 'hoihi', 'A', 'O', 'PR', '2017-06-30 07:02:49', '0000-00-00 00:00:00', '5hMitZ'),
(252, 188, 'sal', '2', '1', 'LIV', 'hoihi', 'A', 'O', 'PR', '2017-06-30 07:06:30', '0000-00-00 00:00:00', 'q6bUpE'),
(253, 188, 'sal', '2', '1', 'LIV', 'hoihi', 'A', 'W', 'PR', '2017-06-30 07:07:16', '0000-00-00 00:00:00', '1jy4EH'),
(254, 188, 'sal', '2', '1', 'LIV', 'hoihi', 'A', 'W', 'PR', '2017-06-30 07:07:55', '0000-00-00 00:00:00', 'QNuRED'),
(255, 188, 'abc', '1 ', '1 ', 'LIV', 'asd', 'A', 'W', 'PU', '2017-06-30 15:53:26', '0000-00-00 00:00:00', '8pGbq3'),
(256, 291, 'PepsiCo', '1', '2', 'LIV', 'Corp meeting', 'A', 'O', 'PU', '2017-07-31 00:37:53', '0000-00-00 00:00:00', '7oqlrs'),
(257, 188, 'demo', '1', '2', 'LIV', 'test', 'A', 'W', 'PU', '2017-08-13 08:07:28', '0000-00-00 00:00:00', 'Vm8ZiB'),
(258, 188, 'demo2', '1', '2', 'LIV', 'bzbz', 'A', 'W', 'PU', '2017-08-13 13:22:35', '0000-00-00 00:00:00', 'Cl2Ngx');

-- --------------------------------------------------------

--
-- Table structure for table `pro_calling_details`
--

CREATE TABLE IF NOT EXISTS `pro_calling_details` (
  `id` int(200) NOT NULL AUTO_INCREMENT,
  `awarded_id` int(200) NOT NULL,
  `from_time` datetime NOT NULL,
  `to_time` datetime NOT NULL,
  `total_time` int(11) NOT NULL,
  `budget` float NOT NULL,
  `current_datetime` datetime NOT NULL,
  `date` date NOT NULL,
  PRIMARY KEY (`id`)
) ENGINE=InnoDB  DEFAULT CHARSET=latin1 AUTO_INCREMENT=109 ;

--
-- Dumping data for table `pro_calling_details`
--

INSERT INTO `pro_calling_details` (`id`, `awarded_id`, `from_time`, `to_time`, `total_time`, `budget`, `current_datetime`, `date`) VALUES
(17, 1, '2017-06-27 06:10:29', '2017-06-27 06:10:42', 13, 0.0541667, '2017-06-27 08:47:38', '0000-00-00'),
(18, 19, '2017-06-27 11:35:16', '2017-06-27 11:35:39', 23, 0.0958333, '2017-06-27 11:34:34', '0000-00-00'),
(19, 35, '2017-06-27 14:13:28', '2017-06-27 14:13:37', 9, 0.0375, '2017-06-27 14:11:15', '0000-00-00'),
(20, 24, '2017-06-27 14:12:19', '2017-06-27 14:12:21', 2, 0.00833333, '2017-06-27 14:11:16', '0000-00-00'),
(21, 33, '2017-06-27 14:14:23', '2017-06-27 14:14:47', 24, 0.1, '2017-06-27 14:12:24', '0000-00-00'),
(22, 24, '2017-06-27 14:13:08', '2017-06-27 14:13:29', 21, 0.0875, '2017-06-27 14:12:25', '0000-00-00'),
(23, 33, '2017-06-28 06:56:42', '2017-06-28 06:56:56', 14, 0.0583333, '2017-06-28 06:55:50', '0000-00-00'),
(24, 24, '2017-06-28 06:55:40', '2017-06-28 06:55:49', 9, 0.0375, '2017-06-28 06:55:50', '0000-00-00'),
(25, 24, '2017-06-28 06:57:00', '2017-06-28 06:57:24', 24, 0.1, '2017-06-28 06:57:26', '0000-00-00'),
(26, 26, '2017-06-28 06:58:04', '2017-06-28 06:58:32', 28, 0.116667, '2017-06-28 06:57:26', '0000-00-00'),
(27, 35, '2017-06-28 07:05:53', '2017-06-28 07:06:13', 20, 0.0833333, '2017-06-28 07:03:49', '0000-00-00'),
(28, 24, '2017-06-28 07:04:40', '2017-06-28 07:04:55', 15, 0.0625, '2017-06-28 07:03:49', '0000-00-00'),
(29, 26, '2017-06-28 07:30:47', '2017-06-28 07:31:27', 40, 0.166667, '2017-06-28 07:29:04', '0000-00-00'),
(30, 24, '2017-06-28 07:30:02', '2017-06-28 07:30:10', 8, 0.0333333, '2017-06-28 07:29:04', '0000-00-00'),
(31, 35, '2017-06-28 07:40:49', '2017-06-28 07:41:00', 11, 0.0458333, '2017-06-28 07:38:37', '0000-00-00'),
(32, 24, '2017-06-28 07:39:36', '2017-06-28 07:39:44', 8, 0.0333333, '2017-06-28 07:38:37', '0000-00-00'),
(33, 35, '2017-06-28 07:44:59', '2017-06-28 07:45:10', 11, 0.0458333, '2017-06-28 07:42:46', '0000-00-00'),
(34, 24, '2017-06-28 07:43:45', '2017-06-28 07:43:53', 8, 0.0333333, '2017-06-28 07:42:47', '0000-00-00'),
(35, 24, '2017-06-28 09:14:45', '2017-06-28 09:15:49', 64, 0.266667, '2017-06-28 09:15:50', '0000-00-00'),
(36, 35, '2017-06-28 09:16:57', '2017-06-28 09:18:14', 77, 0.320833, '2017-06-28 09:15:56', '0000-00-00'),
(37, 35, '2017-06-28 12:34:48', '2017-06-28 12:35:01', 13, 0.0541667, '2017-06-28 12:32:38', '0000-00-00'),
(38, 24, '2017-06-28 12:32:28', '2017-06-28 12:32:37', 9, 0.0375, '2017-06-28 12:32:39', '0000-00-00'),
(39, 24, '2017-06-28 13:49:52', '2017-06-28 13:49:58', 6, 0.025, '2017-06-28 13:50:00', '0000-00-00'),
(40, 33, '2017-06-28 13:50:58', '2017-06-28 13:51:07', 9, 0.0375, '2017-06-28 13:50:01', '0000-00-00'),
(41, 15, '2017-06-28 16:01:53', '2017-06-28 16:03:04', 71, 0.295833, '2017-06-28 16:00:40', '0000-00-00'),
(42, 8, '2017-06-28 16:00:43', '2017-06-28 16:01:47', 64, 0.266667, '2017-06-28 16:00:40', '0000-00-00'),
(43, 15, '2017-06-28 16:09:18', '2017-06-28 16:10:02', 44, 0.183333, '2017-06-28 16:07:38', '0000-00-00'),
(44, 15, '2017-06-28 16:08:08', '2017-06-28 16:08:51', 43, 0.179167, '2017-06-28 16:07:44', '0000-00-00'),
(45, 16, '2017-06-28 16:15:03', '2017-06-28 16:15:20', 17, 0.0708333, '2017-06-28 16:14:14', '0000-00-00'),
(46, 15, '2017-06-28 16:16:15', '2017-06-28 16:16:38', 23, 0.0958333, '2017-06-28 16:14:14', '0000-00-00'),
(47, 35, '2017-06-29 10:44:23', '2017-06-29 10:44:26', 3, 0.0125, '2017-06-29 10:44:28', '0000-00-00'),
(48, 3, '2017-06-29 10:46:40', '2017-06-29 10:46:51', 11, 0.0458333, '2017-06-29 10:46:52', '0000-00-00'),
(49, 3, '2017-06-29 10:47:29', '2017-06-29 10:47:41', 12, 0.05, '2017-06-29 10:47:42', '0000-00-00'),
(50, 3, '2017-06-29 10:59:28', '2017-06-29 10:59:44', 16, 0.0666667, '2017-06-29 10:59:45', '0000-00-00'),
(51, 3, '2017-06-29 11:03:48', '2017-06-29 11:04:00', 12, 0.05, '2017-06-29 11:04:01', '0000-00-00'),
(52, 9, '0000-00-00 00:00:00', '0000-00-00 00:00:00', 0, 0, '2017-06-29 11:12:00', '0000-00-00'),
(53, 9, '0000-00-00 00:00:00', '0000-00-00 00:00:00', 0, 0, '2017-06-29 11:12:00', '0000-00-00'),
(54, 9, '0000-00-00 00:00:00', '0000-00-00 00:00:00', 0, 0, '2017-06-29 11:12:36', '0000-00-00'),
(55, 9, '0000-00-00 00:00:00', '0000-00-00 00:00:00', 0, 0, '2017-06-29 11:53:13', '0000-00-00'),
(56, 19, '2017-06-29 12:12:54', '2017-06-29 12:13:04', 10, 0.0416667, '2017-06-29 12:10:39', '0000-00-00'),
(57, 19, '2017-06-29 12:14:15', '2017-06-29 12:14:26', 11, 0.0458333, '2017-06-29 12:12:01', '0000-00-00'),
(58, 18, '2017-06-29 12:24:23', '2017-06-29 12:24:44', 21, 0.0875, '2017-06-29 12:22:18', '0000-00-00'),
(59, 18, '2017-06-29 12:25:59', '2017-06-29 12:26:09', 10, 0.0416667, '2017-06-29 12:23:43', '0000-00-00'),
(60, 19, '1970-01-01 00:02:22', '1970-01-01 00:02:22', 0, 0, '2017-06-29 13:22:15', '0000-00-00'),
(61, 19, '1970-01-01 00:02:22', '1970-01-01 00:02:22', 0, 0, '2017-06-29 13:22:26', '0000-00-00'),
(62, 19, '1970-01-01 00:02:22', '1970-01-01 00:02:22', 0, 0, '2017-06-29 13:24:09', '0000-00-00'),
(63, 19, '1970-01-01 00:02:22', '1970-01-01 00:02:22', 0, 0, '2017-06-29 13:24:35', '0000-00-00'),
(64, 19, '1970-01-01 00:02:22', '1970-01-01 00:02:22', 0, 0, '2017-06-29 13:24:52', '0000-00-00'),
(65, 16, '1970-01-01 00:01:42', '1970-01-01 00:01:42', 0, 0, '2017-06-29 13:25:58', '0000-00-00'),
(66, 3, '1970-01-01 00:01:29', '1970-01-01 00:01:29', 0, 0, '2017-06-29 13:26:32', '0000-00-00'),
(67, 3, '1970-01-01 00:01:29', '1970-01-01 00:01:29', 0, 0, '2017-06-29 13:27:12', '0000-00-00'),
(68, 3, '1970-01-01 00:01:29', '1970-01-01 00:01:29', 0, 0, '2017-06-29 13:27:56', '0000-00-00'),
(69, 22, '1970-01-01 00:02:13', '1970-01-01 00:02:13', 0, 0, '2017-06-29 13:32:42', '0000-00-00'),
(70, 35, '1970-01-01 00:02:25', '1970-01-01 00:02:25', 0, 0, '2017-06-29 13:33:55', '0000-00-00'),
(71, 35, '1970-01-01 00:02:25', '1970-01-01 00:02:25', 0, 0, '2017-06-29 13:40:34', '0000-00-00'),
(72, 35, '1970-01-01 00:02:25', '1970-01-01 00:02:25', 0, 0, '2017-06-29 14:20:17', '0000-00-00'),
(73, 46, '2017-06-29 14:27:46', '2017-06-29 14:28:03', 17, 0.0708333, '2017-06-29 14:25:38', '0000-00-00'),
(74, 47, '2017-06-29 14:44:36', '2017-06-29 14:45:46', 70, 0.291667, '2017-06-29 14:44:37', '0000-00-00'),
(75, 47, '2017-06-29 14:46:15', '2017-06-29 14:46:27', 12, 0.05, '2017-06-29 14:45:18', '0000-00-00'),
(76, 20, '1970-01-01 00:01:21', '1970-01-01 00:01:21', 0, 0, '2017-06-29 14:45:30', '0000-00-00'),
(77, 20, '1970-01-01 00:01:21', '1970-01-01 00:01:21', 0, 0, '2017-06-29 14:45:33', '0000-00-00'),
(78, 20, '1970-01-01 00:01:21', '1970-01-01 00:01:21', 0, 0, '2017-06-29 14:45:42', '0000-00-00'),
(79, 21, '1970-01-01 00:01:33', '1970-01-01 00:01:33', 0, 0, '2017-06-29 15:27:24', '0000-00-00'),
(80, 16, '2017-06-29 15:40:07', '2017-06-29 15:40:27', 20, 0.0833333, '2017-06-29 15:38:02', '0000-00-00'),
(81, 26, '1970-01-01 00:02:23', '1970-01-01 00:02:23', 0, 0, '2017-06-29 16:03:08', '0000-00-00'),
(82, 35, '1970-01-01 00:02:25', '1970-01-01 00:02:25', 0, 0, '2017-06-29 16:12:12', '0000-00-00'),
(83, 35, '1970-01-01 00:02:25', '1970-01-01 00:02:25', 0, 0, '2017-06-29 16:13:03', '0000-00-00'),
(84, 4, '1970-01-01 00:01:38', '1970-01-01 00:01:38', 0, 0, '2017-06-29 16:15:44', '0000-00-00'),
(85, 42, '2017-06-29 16:16:20', '2017-06-29 16:18:20', 120, 0.5, '2017-06-29 16:16:20', '0000-00-00'),
(86, 42, '2017-06-29 16:17:25', '2017-06-29 16:19:25', 120, 0.5, '2017-06-29 16:17:25', '0000-00-00'),
(87, 42, '2017-06-29 16:18:50', '2017-06-29 16:20:50', 120, 0.5, '2017-06-29 16:18:50', '0000-00-00'),
(88, 42, '2017-06-29 16:19:44', '2017-06-29 16:21:44', 120, 0.5, '2017-06-29 16:19:44', '0000-00-00'),
(89, 42, '2017-06-29 16:20:13', '2017-06-29 16:22:13', 120, 0.5, '2017-06-29 16:20:13', '0000-00-00'),
(90, 42, '2017-06-29 16:37:08', '2017-06-29 16:39:08', 120, 0.5, '2017-06-29 16:37:08', '0000-00-00'),
(91, 50, '2017-06-30 07:01:49', '2017-06-30 07:01:58', 9, 0.0375, '2017-06-30 06:59:31', '0000-00-00'),
(92, 44, '0000-00-00 00:00:00', '1970-01-01 00:00:00', -2147483648, -183378000, '2017-06-30 10:15:47', '0000-00-00'),
(93, 19, '2165-08-25 10:16:32', '1970-01-01 00:00:00', -2147483648, -25725400, '2017-06-30 10:22:15', '0000-00-00'),
(94, 18, '0000-00-00 00:00:00', '1970-01-01 00:00:00', -2147483648, -183378000, '2017-06-30 10:46:33', '0000-00-00'),
(95, 16, '2165-08-25 17:47:44', '1970-01-01 00:00:00', -2147483648, -25725500, '2017-06-30 10:48:49', '0000-00-00'),
(96, 16, '0000-00-00 00:00:00', '1970-01-01 00:00:00', 0, 0, '2017-06-30 10:48:58', '0000-00-00'),
(97, 16, '2165-08-25 14:47:12', '1970-01-01 00:00:00', -2147483648, -25725500, '2017-06-30 10:49:10', '0000-00-00'),
(98, 21, '2167-10-11 07:38:56', '1970-01-01 00:00:00', -2147483648, -26005100, '2017-06-30 10:49:42', '0000-00-00'),
(99, 16, '0000-00-00 00:00:00', '1970-01-01 00:00:00', 0, 0, '2017-06-30 10:50:51', '0000-00-00'),
(100, 54, '2017-06-30 10:55:21', '2017-06-30 10:55:35', 14, 0.0583333, '2017-06-30 10:53:09', '0000-00-00'),
(101, 54, '2017-06-30 10:55:48', '2017-06-30 10:55:59', 11, 0.0458333, '2017-06-30 10:53:32', '0000-00-00'),
(102, 18, '2165-08-25 08:54:24', '1970-01-01 00:00:00', -2147483648, -25725400, '2017-06-30 10:58:11', '0000-00-00'),
(103, 18, '0000-00-00 00:00:00', '1970-01-01 00:00:00', 0, 0, '2017-06-30 11:09:36', '0000-00-00'),
(104, 18, '0000-00-00 00:00:00', '1970-01-01 00:00:00', -2147483648, -183378000, '2017-06-30 11:17:27', '0000-00-00'),
(105, 56, '2017-06-30 11:55:32', '2017-06-30 11:56:06', 34, 0.141667, '2017-06-30 11:53:39', '0000-00-00'),
(106, 56, '2017-06-30 11:56:20', '2017-06-30 11:56:38', 18, 0.075, '2017-06-30 11:54:11', '0000-00-00'),
(107, 56, '2017-06-30 11:58:44', '2017-06-30 11:58:56', 12, 0.05, '2017-06-30 11:56:29', '0000-00-00'),
(108, 57, '2017-06-30 15:56:46', '2017-06-30 15:58:46', 120, 0.5, '2017-06-30 15:56:46', '0000-00-00');

-- --------------------------------------------------------

--
-- Table structure for table `pro_doc_details`
--

CREATE TABLE IF NOT EXISTS `pro_doc_details` (
  `id` int(200) NOT NULL AUTO_INCREMENT,
  `pro_id` int(200) NOT NULL,
  `industry_type` varchar(200) NOT NULL,
  `document` varchar(200) NOT NULL,
  `no_of_pages` varchar(200) NOT NULL,
  `budget` varchar(200) NOT NULL,
  `datetime` datetime NOT NULL,
  `for_project` enum('PU','PR') NOT NULL,
  PRIMARY KEY (`id`)
) ENGINE=InnoDB  DEFAULT CHARSET=latin1 AUTO_INCREMENT=101 ;

--
-- Dumping data for table `pro_doc_details`
--

INSERT INTO `pro_doc_details` (`id`, `pro_id`, `industry_type`, `document`, `no_of_pages`, `budget`, `datetime`, `for_project`) VALUES
(27, 76, 'Automotive', '647becf045e7698fe31339d0ce59b742CU.doc', '2', '58', '0000-00-00 00:00:00', 'PR'),
(28, 78, 'automotive', 'ab3ab5fb7726ea7a20c2b180c15ed28fCU.pdf', '5', '145', '0000-00-00 00:00:00', 'PU'),
(29, 0, 'IT indus', '18f14f15ace743c7cd11d2e611245581_DOC.pdf', '3', '29', '0000-00-00 00:00:00', 'PU'),
(30, 0, 'It', '8119e5ced266ae47c9fb1cacdf7f3f0a_DOC.pdf', '3', '29', '0000-00-00 00:00:00', 'PU'),
(31, 88, 'It', '1aae9ce8546bb1c723e4626312105698_DOC.pdf', '39', '29', '0000-00-00 00:00:00', 'PU'),
(32, 99, '1', '04206a475202a3a3fdc7ccd67e68b5d5_DOC.pdf', '2', '58', '0000-00-00 00:00:00', 'PU'),
(33, 0, '1', 'ef076962a576cf9907d8f48f58da2591_DOC.pdf', '2', '58', '0000-00-00 00:00:00', 'PR'),
(34, 0, '1', 'a59bcb6056b2c193948534b73bc8f154_DOC.pdf', '2', '58', '0000-00-00 00:00:00', 'PU'),
(35, 0, '1', 'e5af326552829310f2e1254cddb72b68_DOC.pdf', '2', '58', '0000-00-00 00:00:00', 'PR'),
(36, 0, '1', 'd47a72eb030a95eeb037fa4d3ab42089_DOC.pdf', '2', '58', '0000-00-00 00:00:00', 'PR'),
(37, 0, '1', 'e8fc64a71e65f164bcfd3e029ab9361c_DOC.pdf', '2', '58', '0000-00-00 00:00:00', 'PR'),
(38, 0, '1', '4bece880ef50e4f1472e4d9a5b8163d1_DOC.pdf', '2', '58', '0000-00-00 00:00:00', 'PR'),
(39, 0, '1', '635f22de8a871b9fa44536e5406577d4_DOC.pdf', '2', '58', '0000-00-00 00:00:00', 'PR'),
(40, 0, '1', '2ad69a704620c6373f878d894e5623e7_DOC.pdf', '2', '58', '0000-00-00 00:00:00', 'PR'),
(41, 0, '1', 'fe886b4c85abe1fcb087c28756f88f16_DOC.pdf', '2', '58', '0000-00-00 00:00:00', 'PU'),
(42, 0, '1', '5f62cddcadf763933af7c42fcb3dc9b1_DOC.pdf', '2', '58', '0000-00-00 00:00:00', 'PR'),
(43, 116, '1', '87b1bc477aad27a0cbfeff414b3b8124_DOC.pdf', '2', '58', '0000-00-00 00:00:00', 'PR'),
(44, 0, '1', 'bbab2ec2df9b9728bb6e99231c161ced_DOC.pdf', '2', '58', '0000-00-00 00:00:00', 'PR'),
(45, 0, '1', '4750aad133a2be3830182594552659dd_DOC.pdf', '2', '58', '0000-00-00 00:00:00', 'PR'),
(46, 0, '1', '2df7aca3aba217bcdefbc9ebcd5ae364_DOC.pdf', '2', '58', '0000-00-00 00:00:00', 'PR'),
(47, 120, '1', 'e3c0964c8eb8953fa59a48a6cbe2b281_DOC.pdf', '2', '58', '0000-00-00 00:00:00', 'PR'),
(48, 0, 'non', 'a70e20f020b868cd0a4a5f605d020237_DOC.pdf', '39', '29', '0000-00-00 00:00:00', 'PU'),
(49, 0, 'non', 'c330b2205c1824e93c72d2e3c533266f_DOC.pdf', '39', '29', '0000-00-00 00:00:00', 'PU'),
(50, 0, 'non', 'a4ba192245ed5aa661ae2f3c60f89055_DOC.pdf', '39', '29', '0000-00-00 00:00:00', 'PU'),
(51, 0, 'non', 'a89057e94a522def472e6583d3e0de38_DOC.pdf', '39', 'per page cost $29', '0000-00-00 00:00:00', 'PU'),
(52, 0, 'non', '8ba78b1ba1bdc58bf08fc2104094bd76_DOC.pdf', '39', 'per page cost $29', '0000-00-00 00:00:00', 'PU'),
(53, 0, 'non', 'ee9f8f363e486572cd4448f6bd425cdd_DOC.pdf', '39', 'per page cost $29', '0000-00-00 00:00:00', 'PU'),
(54, 0, 'non', '863849c80a58740067c379b8a4cd4ff3_DOC.pdf', '39', 'per page cost $29', '0000-00-00 00:00:00', 'PU'),
(55, 0, 'non', 'ade86f26be3870317a8587ebd16e785b_DOC.pdf', '39', 'per page cost $29', '0000-00-00 00:00:00', 'PU'),
(56, 0, 'non', 'c16321dc7c60f6eaa2d3bd3538c5d67a_DOC.pdf', '39', '29', '0000-00-00 00:00:00', 'PU'),
(57, 0, 'non', '953fe411fdd67272ccd599c8b48e0ed1_DOC.pdf', '39', 'per page cost $29', '0000-00-00 00:00:00', 'PU'),
(58, 0, 'nnn', '05bddd17d7411c035559ffd5d62c90b2_DOC.pdf', '3', 'per page cost $29', '0000-00-00 00:00:00', 'PU'),
(59, 0, 'abc', '5f9f82564e0e4b8c907dd43da940bea7_DOC.pdf', '39', 'per page cost $29', '0000-00-00 00:00:00', 'PU'),
(60, 0, 'IT', '6439f747bea466334959cb54064863ba_DOC.pdf', '9', 'per page cost $29', '0000-00-00 00:00:00', 'PU'),
(61, 0, 'IT', '7e0cfa64cdac06d42621e30bef64e0e5_DOC.pdf', '9', 'per page cost $29', '0000-00-00 00:00:00', 'PU'),
(62, 0, 'IT', '99c04c858a09dbf549b6cc3811e69ac3_DOC.pdf', '9', 'per page cost $29', '0000-00-00 00:00:00', 'PU'),
(63, 140, 'Private', 'ee9a045cb554ffc35197eaa6c44163bd_DOC.pdf', '9', '261', '0000-00-00 00:00:00', 'PR'),
(64, 146, 'IT', 'a8e1d2d142d3e86b2d2c9218a70869d9CU.pdf', '10', '290', '0000-00-00 00:00:00', 'PU'),
(65, 147, 'IT', 'a8e1d2d142d3e86b2d2c9218a70869d9CU.pdf', '12', '348', '0000-00-00 00:00:00', 'PR'),
(66, 159, 'IT', 'a8e1d2d142d3e86b2d2c9218a70869d9CU.pdf', '12', '348', '0000-00-00 00:00:00', 'PR'),
(67, 160, 'fgg', '1a41534a14cfe0951bf0dcdb8e3aed5d_DOC.pdf', '1', '29', '0000-00-00 00:00:00', 'PU'),
(68, 0, 'IT', 'b1325da809a9a80d43644a80dd8e03e2_DOC.pdf', '1', 'per page cost $29', '0000-00-00 00:00:00', 'PU'),
(69, 163, 'IT', 'fe141dd856ef15b3a4744c1a2a4083b1_DOC.pdf', '2', '29', '0000-00-00 00:00:00', 'PU'),
(70, 0, 'rr', 'be820038115cab90aa337f00039f878b_DOC.pdf', '2', 'per page cost $29', '0000-00-00 00:00:00', 'PU'),
(71, 0, 'gags', '4371c1987fadfa38eb0c614ee01b10af_DOC.pdf', '2', 'per page cost $29', '0000-00-00 00:00:00', 'PU'),
(72, 0, 'gags', '429eec1c57bde6e851b97fecc94191cf_DOC.pdf', '2', 'per page cost $29', '0000-00-00 00:00:00', 'PU'),
(73, 0, 'fgh', 'ef0cb40ee00ceeb0e71a8fc6da2f32a1_DOC.pdf', '1', 'per page cost $29', '0000-00-00 00:00:00', 'PU'),
(74, 0, 'sss', 'f2781d5fa5d85477a2a401707089b115_DOC.pdf', '1', 'per page cost $29', '0000-00-00 00:00:00', 'PU'),
(75, 0, 'Hhhh''s', '25c6cd2f79aea6f6f81eb750e9cc349d_DOC.pdf', '2', 'per page cost $29', '0000-00-00 00:00:00', 'PU'),
(76, 0, 'fgg', 'd02593e8d191e1d913326732220f6fe9_DOC.pdf', '1', 'per page cost $29', '0000-00-00 00:00:00', 'PU'),
(77, 0, 'fdcf', '14443f80bd4e82743bf2c53b562211cf_DOC.pdf', '1', 'per page cost $29', '0000-00-00 00:00:00', 'PU'),
(78, 0, 'huh', '0ed63f80fff59a8e019e4cf9d6d20f33_DOC.pdf', '2', 'per page cost $29', '0000-00-00 00:00:00', 'PU'),
(79, 0, 'r34', '011ba22714e6c4a2aa74578dce0cac93_DOC.pdf', '2', 'per page cost $29', '0000-00-00 00:00:00', 'PU'),
(80, 0, 'ewrr', '6d282779e006f258050af4a89cd1da65_DOC.pdf', '2', 'per page cost $29', '0000-00-00 00:00:00', 'PU'),
(81, 0, 'tats', '4bf566a24bcd0ad99c389a99ff618e34_DOC.pdf', '2', 'per page cost $29', '0000-00-00 00:00:00', 'PU'),
(82, 0, '1', '0348ad1931dd2b589613bada89a1a696_DOC.pdf', '2', '58', '0000-00-00 00:00:00', 'PR'),
(83, 180, 'did', '00160ddd00630fdb78203aaeb66af290_DOC.pdf', '2', '29', '0000-00-00 00:00:00', 'PU'),
(84, 181, 'did', '65ed5ff606ab3c07314be2d6f7e80235_DOC.pdf', '2', '29', '0000-00-00 00:00:00', 'PU'),
(85, 182, 'did', '601e88e4546b2e9f5a13e213c2b577f7_DOC.pdf', '41', '29', '0000-00-00 00:00:00', 'PU'),
(86, 183, 'sad', '4a5e77ab4d23756338c2c38c2d28966c_DOC.pdf', '2', '29', '0000-00-00 00:00:00', 'PU'),
(87, 0, 'wet', '53059a8fc202ba7537e4841d5cf20060_DOC.pdf', '2', 'per page cost $29', '0000-00-00 00:00:00', 'PU'),
(88, 0, 'bank', '5f54a068aef9b8c0a3eaece009850574_DOC.pdf', '2', 'per page cost $29', '0000-00-00 00:00:00', 'PU'),
(89, 187, 'fg;l;g', '7ded0fc886ed399535462e8267d3f20fCU.pdf', '34', '986', '0000-00-00 00:00:00', 'PU'),
(90, 188, 'fghnm', '7ded0fc886ed399535462e8267d3f20fCU.pdf', '1234', '35786', '0000-00-00 00:00:00', 'PU'),
(91, 189, 'IT', 'eb648567004d1b36404e3bfe9dd222d9CU.pdf', '2', '58', '0000-00-00 00:00:00', 'PU'),
(92, 0, '1', 'c83d06aad5d69c265f2c51e024000603_DOC.pdf', '2', '58', '0000-00-00 00:00:00', 'PR'),
(93, 191, '1', 'ef3468a8ea37cb125dc98689c04d059a_DOC.pdf', '2', '58', '0000-00-00 00:00:00', 'PR'),
(94, 192, '1', '0cf53fd77a63447f254ac1012c6fa275_DOC.pdf', '2', '58', '0000-00-00 00:00:00', 'PR'),
(95, 193, '1', '735e535a37b6d27b4e165c1c2c05c393_DOC.pdf', '2', '58', '0000-00-00 00:00:00', 'PR'),
(96, 194, '1', '3f9e41465584259b2a77bc4e6056a173_DOC.pdf', '4', '116', '0000-00-00 00:00:00', 'PU'),
(97, 203, 'IT', '223fa00fab7d33996d6f34d7b9ff2ac5_DOC.pdf', '3', 'per page cost $29', '0000-00-00 00:00:00', 'PU'),
(98, 229, 'wew', '1fc5810f318f7d07618aa2f9870e29e8_DOC.pdf', '2', '58 $', '0000-00-00 00:00:00', 'PU'),
(99, 233, 'we', 'b34320112489b577825d8ecaaa84a0a1_DOC.pdf', '1', '$29', '0000-00-00 00:00:00', 'PU'),
(100, 234, 're', '95b488d36e667395141ac88a044fb93c_DOC.pdf', '3', '$87', '0000-00-00 00:00:00', 'PU');

-- --------------------------------------------------------

--
-- Table structure for table `pro_doc_submitted`
--

CREATE TABLE IF NOT EXISTS `pro_doc_submitted` (
  `id` int(200) NOT NULL AUTO_INCREMENT,
  `awarded_id` int(200) NOT NULL,
  `document` varchar(200) NOT NULL,
  `doc_name` varchar(200) NOT NULL,
  `datetime` datetime NOT NULL,
  `status` enum('1','0') NOT NULL,
  PRIMARY KEY (`id`)
) ENGINE=InnoDB  DEFAULT CHARSET=latin1 AUTO_INCREMENT=54 ;

--
-- Dumping data for table `pro_doc_submitted`
--

INSERT INTO `pro_doc_submitted` (`id`, `awarded_id`, `document`, `doc_name`, `datetime`, `status`) VALUES
(3, 2, '18f14f15ace743c7cd11d2e611245581_DOC.pdf', 'abc 1', '2017-05-15 00:00:00', '1'),
(4, 2, '18f14f15ace743c7cd11d2e611245581_DOC.pdf', 'abc 2', '2017-05-15 00:00:00', '1'),
(5, 8, 'f09534b44da64519941f838ae66017552017-05-24 08:27:02.pdf', '1st document from web', '2017-05-24 08:27:02', '1'),
(6, 8, 'f09534b44da64519941f838ae66017552017-05-24 08:39:14.pdf', 'Once Again from web', '2017-05-24 08:39:14', '1'),
(7, 13, '36947ebc39625eeed5c592bab1bed8a9_.pdf', 'Translate-27052017_133610.pdf', '2017-05-27 08:04:53', '1'),
(8, 8, '7ce6897e673c09da7b70b150a52b3c2f_.pdf', 'dataentry.PDF', '2017-05-27 09:00:59', '1'),
(9, 8, '5fe18108e2b62b5d21c3542c67e673c9_.pdf', 'dataentry.PDF', '2017-05-27 09:01:00', '1'),
(10, 8, 'f7f64c688b6cad0be9a8f9d563e696f8_.pdf', 'dataentry.PDF', '2017-05-27 09:55:00', '1'),
(11, 8, '7a081b472e90a5191e75b06ee24e8a5f_.pdf', 'dataentry.PDF', '2017-05-27 09:55:11', '1'),
(12, 8, 'd99e483335e6a5f5bb1a596949a07993_.pdf', 'dataentry.PDF', '2017-05-27 10:02:37', '1'),
(13, 8, '9bd5d6a7ef6904eb73d0f3c7fb07c6da_.pdf', 'dataentry.PDF', '2017-05-27 10:05:30', '1'),
(14, 8, '03ed47d23a5bf4212c28b784baf09c35_.pdf', 'dataentry.PDF', '2017-05-27 10:22:55', '1'),
(15, 8, '91fda2d4acec31f9484fe357e77b40bf_.pdf', 'dataentry.PDF', '2017-05-27 10:41:38', '1'),
(16, 13, '2d7fc129bfc8570a735b4c3745166882_.pdf', 'dataentry.PDF', '2017-05-29 06:05:35', '1'),
(17, 13, 'e4c692abac351613eaf512a2085a2a50_.pdf', 'dataentry.PDF', '2017-05-29 06:34:06', '1'),
(18, 13, '7065fd59d5dadc517dec0cdb169a5694_.pdf', 'data-management-chapter1.pdf', '2017-05-29 08:50:35', '1'),
(19, 13, '661db924c943dd3a9a5bb203b0b0db41_.pdf', 'data-management-chapter1.pdf', '2017-05-29 13:43:25', '1'),
(20, 8, 'fa68f4b7b271723d90a60ea39d011178_.pdf', 'Translate-03062017_201148.pdf', '2017-06-03 14:40:14', '1'),
(21, 14, '3d16f6188833bcd2af55ea9bf4401ed2_.pdf', 'Translate-05062017_114305.pdf', '2017-06-05 06:11:26', '1'),
(22, 15, 'a0d81a146834e7f17c9d0d450255b82b_.pdf', 'top-50-oops-interview-questions.pdf', '2017-06-05 13:27:27', '1'),
(23, 15, '021b17f69e18d23a6ad31a05b277fcc6_.pdf', 'top-50-oops-interview-questions.pdf', '2017-06-05 13:27:31', '1'),
(24, 15, 'b2576662ca7a01c151ab605b999a32d4_.pdf', 'top-50-oops-interview-questions.pdf', '2017-06-05 13:27:33', '1'),
(25, 25, '698b79a348fa68b260156fd521d05f82_.pdf', 'shh shah shah', '2017-06-07 09:10:32', '1'),
(26, 17, '5be9231666e4d435b599e5567d6111f2_.pdf', 'Chikka', '2017-06-07 09:13:11', '1'),
(27, 17, '6740029bbc205eb10c8a0fb252ad9564_.pdf', 'sdrr', '2017-06-07 09:15:44', '1'),
(28, 17, '896c70a091a37651c4c194ea5151a502_.pdf', 'fgg', '2017-06-07 09:21:35', '1'),
(29, 17, 'bf5894e96fa1497cdeeea3144d378448_.pdf', 'fgg', '2017-06-07 09:21:40', '1'),
(30, 25, 'b3912a904266bed3e3b5b003782fda9b_.pdf', 'ggu', '2017-06-07 09:39:29', '1'),
(31, 25, '5954a5d51d1e855d60783a550a5f2a5f_.pdf', 'trttttttttttttttt', '2017-06-07 09:53:41', '1'),
(32, 25, '600ece863e1001e1cb6a2cad72ae8189_.pdf', 'ghhh', '2017-06-07 09:56:10', '1'),
(33, 25, 'fe724f0132670847fa984271402ea4e8_.pdf', 'ghhh', '2017-06-07 09:56:22', '1'),
(34, 25, '4584340046513868d382ca1a6c30500d_.pdf', 'ghhh', '2017-06-07 09:56:23', '1'),
(35, 25, '310e2f0179b9c1d85892ea745445a0d0_.pdf', 'ghhh', '2017-06-07 09:56:27', '1'),
(36, 17, 'a73fd3bc191b04773df4f048509b5b6a_.pdf', 'cch', '2017-06-07 09:57:27', '1'),
(37, 17, '626670135c2a3f366f8cfd664bb4dba6_.pdf', 'cgh', '2017-06-07 10:02:46', '1'),
(38, 25, '7a86e20df879efb4562f93b8a19fdc8d_.pdf', '', '2017-06-07 10:05:55', '1'),
(39, 25, '595148fb7331b62f7646fcf8e31152ca_.pdf', '', '2017-06-07 10:06:08', '1'),
(40, 25, '0cc48faf41be950d6e74ca3c73d46808_.pdf', 'cvv', '2017-06-07 10:06:20', '1'),
(41, 29, '46842e33752ca916a5cdc72839a8d085_.pdf', 'Test Document', '2017-06-12 13:50:27', '1'),
(42, 17, '7fee7c2aa0e00d204745466f52b269ef_.pdf', 'yyy', '2017-06-15 12:25:16', '1'),
(43, 17, '78233c102a2cdce5382a89bd3c5508c5_.pdf', '', '2017-06-15 12:25:20', '1'),
(44, 17, '7fe46d8a8078a4bfaa4ac249e9c0564f_.pdf', '', '2017-06-15 12:25:26', '1'),
(45, 17, '8e845bfb153940c34cfe5289e9657609_.pdf', 'yyyCall hua', '2017-06-15 12:26:31', '1'),
(46, 28, '9c5390434bd7e77535337b13982c07b8_.pdf', 'ggcf', '2017-06-15 12:50:41', '1'),
(47, 28, '566a48af749aed764408ef817bfcedef_.pdf', 'Sd', '2017-06-15 12:52:49', '1'),
(48, 29, 'e2c1b86a7a20682de0fba2e6aef15288_.pdf', 'arpit testing', '2017-06-28 15:51:22', '1'),
(49, 36, 'eb648567004d1b36404e3bfe9dd222d92017-06-29 13:16:59.pdf', 'Test 1', '2017-06-29 13:16:59', '1'),
(50, 36, 'eb648567004d1b36404e3bfe9dd222d92017-06-29 13:20:23.pdf', 'Test 2', '2017-06-29 13:20:23', '1'),
(51, 36, 'ab43acabda0135591a2a67fb615fdbc8_.pdf', 'test 3', '2017-06-29 13:25:52', '1'),
(52, 48, '54de0886f0c6cb15ecf999f468cdae79_.pdf', 'Test iPhone 1', '2017-06-29 20:53:27', '1'),
(53, 48, '6e3826e0daaa771321970bd263584fc1_.pdf', 'Test 2 iPhone', '2017-06-29 20:54:50', '1');

-- --------------------------------------------------------

--
-- Table structure for table `pro_live_details`
--

CREATE TABLE IF NOT EXISTS `pro_live_details` (
  `id` int(11) NOT NULL AUTO_INCREMENT,
  `pro_id` int(200) NOT NULL,
  `date` date NOT NULL,
  `from_time` time NOT NULL,
  `to_time` time NOT NULL,
  `total_time` int(11) NOT NULL,
  `budget` varchar(200) NOT NULL,
  `for_pro` enum('PU','PR') NOT NULL,
  PRIMARY KEY (`id`)
) ENGINE=InnoDB  DEFAULT CHARSET=latin1 AUTO_INCREMENT=110 ;

--
-- Dumping data for table `pro_live_details`
--

INSERT INTO `pro_live_details` (`id`, `pro_id`, `date`, `from_time`, `to_time`, `total_time`, `budget`, `for_pro`) VALUES
(1, 77, '2017-05-04', '12:00:00', '03:00:00', 3, '45', 'PU'),
(2, 0, '2017-05-05', '02:34:00', '05:34:00', 0, 'per hour cost $29', 'PU'),
(3, 0, '2017-05-05', '04:00:00', '06:00:00', 0, 'per hour cost $29', 'PU'),
(4, 81, '2017-05-05', '03:19:00', '06:19:00', 0, 'per hour cost $29', 'PU'),
(5, 0, '2017-05-11', '05:00:00', '10:00:00', 0, 'per hour cost $29', 'PU'),
(6, 84, '2017-05-08', '06:00:00', '11:01:00', 0, 'per hour cost $29', 'PU'),
(7, 0, '2017-05-09', '01:49:00', '01:49:00', 0, 'per hour cost $29', 'PU'),
(8, 87, '2017-06-03', '08:00:00', '10:00:00', 0, 'per hour cost $29', 'PU'),
(9, 0, '2017-05-19', '05:14:00', '05:14:00', 0, 'per hour cost $29', 'PU'),
(10, 0, '2017-05-19', '06:55:00', '06:55:00', 0, 'per hour cost $29', 'PU'),
(11, 91, '2017-05-20', '03:24:00', '03:24:00', 0, 'per hour cost $15', 'PU'),
(12, 92, '2017-05-20', '03:26:00', '03:26:00', 0, 'per hour cost $15', 'PR'),
(13, 93, '2017-05-20', '03:30:00', '03:30:00', 0, 'per hour cost $15', 'PU'),
(14, 94, '2017-01-20', '02:33:00', '03:33:00', 0, 'per hour cost $15', 'PU'),
(15, 95, '2017-05-20', '03:35:00', '03:35:00', 0, 'per hour cost $15', 'PU'),
(16, 96, '2017-05-20', '03:38:00', '03:38:00', 0, 'per hour cost $15', 'PU'),
(17, 97, '2017-05-20', '03:39:00', '03:39:00', 0, 'per hour cost $15', 'PU'),
(18, 98, '2017-05-20', '06:15:00', '06:15:00', 0, 'per hour cost $15', 'PU'),
(19, 0, '2017-05-23', '04:02:00', '04:02:00', 0, 'per hour cost $29', 'PU'),
(20, 0, '2017-05-23', '04:03:00', '04:03:00', 0, 'per hour cost $29', 'PU'),
(21, 0, '2017-05-23', '04:07:00', '04:07:00', 0, 'per hour cost $29', 'PU'),
(22, 105, '2017-05-23', '04:13:00', '04:13:00', 0, 'per hour cost $15', 'PU'),
(23, 0, '2017-05-23', '04:14:00', '04:14:00', 0, 'per hour cost $29', 'PU'),
(24, 0, '2017-05-23', '04:49:00', '04:49:00', 0, 'per hour cost $29', 'PU'),
(25, 0, '2017-05-25', '05:41:00', '05:41:00', 0, '', 'PR'),
(26, 0, '2017-05-25', '05:41:00', '05:41:00', 0, '', 'PR'),
(27, 0, '2017-05-27', '04:20:00', '03:20:00', 0, 'per hour cost $29', 'PU'),
(28, 0, '2017-05-27', '04:14:00', '08:25:00', 0, 'per hour cost $29', 'PU'),
(29, 0, '2017-06-05', '02:35:00', '05:54:00', 0, 'per hour cost $29', 'PU'),
(30, 142, '2017-06-16', '10:20:00', '12:24:00', 2, '30', 'PR'),
(31, 143, '2017-06-08', '08:44:00', '10:26:00', 1, '15', 'PR'),
(32, 0, '2017-06-06', '06:16:00', '06:16:00', 0, 'per hour cost $15', 'PU'),
(33, 0, '2017-06-06', '06:20:00', '06:20:00', 0, 'per hour cost $15', 'PU'),
(34, 148, '2017-06-07', '01:00:00', '03:10:00', 2, '30', 'PU'),
(35, 149, '2017-06-08', '12:00:00', '04:00:00', 4, '60', 'PR'),
(36, 150, '0000-00-00', '00:00:00', '00:00:00', 0, '0', 'PR'),
(37, 151, '0000-00-00', '00:00:00', '00:00:00', 0, '0', 'PR'),
(38, 152, '0000-00-00', '00:00:00', '00:00:00', 0, '0', 'PR'),
(39, 153, '0000-00-00', '00:00:00', '00:00:00', 0, '0', 'PR'),
(40, 154, '0000-00-00', '00:00:00', '00:00:00', 0, '0', 'PR'),
(41, 155, '0000-00-00', '00:00:00', '00:00:00', 0, '0', 'PR'),
(42, 156, '2017-06-08', '04:16:00', '06:41:00', 2, '30', 'PR'),
(43, 157, '0000-00-00', '00:00:00', '00:00:00', 0, '0', 'PR'),
(44, 158, '2017-06-14', '12:21:00', '12:44:00', 0, '0', 'PU'),
(45, 0, '2017-06-07', '07:14:00', '07:14:00', 0, 'per hour cost $15', 'PU'),
(46, 0, '2017-06-14', '05:26:00', '05:26:00', 0, 'per hour cost $15', 'PU'),
(47, 0, '2017-06-14', '07:07:00', '07:07:00', 0, 'per hour cost $15', 'PU'),
(48, 179, '2017-06-24', '02:05:00', '05:05:00', 0, '2343', 'PR'),
(49, 185, '2017-06-26', '04:24:00', '04:24:00', 0, 'per hour cost $15', 'PU'),
(50, 0, '2017-06-29', '07:52:00', '07:52:00', 0, '', 'PR'),
(51, 0, '2017-06-29', '05:54:00', '07:55:00', 0, '', 'PR'),
(52, 0, '2017-06-29', '05:54:00', '07:55:00', 0, '', 'PR'),
(53, 0, '2017-06-29', '05:54:00', '07:55:00', 0, '', 'PR'),
(54, 0, '2017-06-29', '05:54:00', '07:55:00', 0, '', 'PR'),
(55, 0, '2017-06-29', '05:54:00', '07:55:00', 0, '', 'PR'),
(56, 0, '2017-06-29', '08:04:00', '08:04:00', 0, '', 'PR'),
(57, 0, '2017-06-29', '05:54:00', '07:55:00', 0, '', 'PR'),
(58, 0, '2017-06-30', '01:13:00', '01:28:00', 0, 'per hour cost $15', 'PU'),
(59, 0, '2017-06-30', '01:24:00', '02:27:00', 0, '', 'PU'),
(60, 0, '2017-06-30', '11:05:00', '11:05:00', 0, '', 'PR'),
(61, 0, '2017-06-30', '11:05:00', '11:05:00', 0, '', 'PR'),
(62, 0, '2017-06-30', '11:05:00', '11:05:00', 0, '', 'PR'),
(63, 0, '2017-06-30', '11:05:00', '11:05:00', 0, '', 'PR'),
(64, 0, '2017-06-30', '11:05:00', '11:05:00', 0, '', 'PR'),
(65, 211, '2017-06-30', '11:06:00', '11:06:00', 0, '', 'PU'),
(66, 212, '2017-06-30', '11:06:00', '11:06:00', 0, '', 'PU'),
(67, 213, '2017-06-30', '11:06:00', '11:06:00', 0, '', 'PU'),
(68, 0, '2017-06-30', '11:09:00', '04:09:00', 0, '', 'PR'),
(69, 0, '2017-06-30', '11:05:00', '11:05:00', 0, '', 'PR'),
(70, 0, '2017-06-30', '11:05:00', '11:05:00', 0, '', 'PR'),
(71, 0, '2017-06-30', '11:05:00', '11:05:00', 0, '', 'PR'),
(72, 0, '2017-06-30', '11:17:00', '11:17:00', 0, '', 'PR'),
(73, 0, '2017-06-30', '11:05:00', '11:05:00', 0, '', 'PR'),
(74, 220, '2017-06-30', '11:06:00', '11:06:00', 0, '', 'PU'),
(75, 221, '2017-06-30', '11:34:00', '05:34:00', 0, '', 'PR'),
(76, 0, '2017-06-30', '11:36:00', '05:36:00', 0, '', 'PU'),
(77, 0, '2017-06-30', '11:05:00', '11:05:00', 0, '', 'PR'),
(78, 224, '2017-06-30', '11:05:00', '11:05:00', 0, '', 'PR'),
(79, 225, '2017-06-30', '00:00:00', '00:00:00', 0, '0', 'PU'),
(80, 226, '2017-06-30', '11:06:00', '11:06:00', 0, '0', 'PU'),
(81, 227, '2017-06-30', '11:06:00', '10:06:00', -1, '-0.0041666666666667', 'PU'),
(82, 228, '2017-06-30', '10:06:00', '11:06:00', 1, '0.0041666666666667', 'PU'),
(83, 230, '2017-06-30', '10:06:00', '11:06:00', 1, '0.0041666666666667', 'PU'),
(84, 231, '2017-06-30', '10:06:00', '11:06:00', 1, '0.0041666666666667', 'PU'),
(85, 232, '2017-06-30', '10:06:00', '11:06:00', 1, '0.0041666666666667', 'PU'),
(86, 235, '2017-06-30', '10:06:00', '11:06:00', 1, '0.0041666666666667', 'PU'),
(87, 236, '2017-06-30', '10:06:00', '11:06:00', 1, '0.0041666666666667', 'PU'),
(88, 237, '2017-06-30', '10:06:00', '11:06:00', 0, '0', 'PU'),
(89, 238, '2017-06-30', '10:06:00', '11:06:00', 0, '0', 'PU'),
(90, 239, '2017-06-30', '10:06:00', '11:06:00', 0, '0', 'PU'),
(91, 240, '2017-06-30', '10:06:00', '11:06:00', 0, '0', 'PU'),
(92, 241, '2017-06-30', '10:06:00', '11:06:00', 0, '0', 'PU'),
(93, 242, '2017-06-30', '10:06:00', '11:06:00', 0, '0', 'PU'),
(94, 243, '2017-06-30', '10:06:00', '11:06:00', 0, '0', 'PU'),
(95, 244, '2017-06-30', '10:06:00', '11:06:00', 0, '0', 'PU'),
(96, 245, '2017-06-30', '10:06:00', '11:06:00', 0, '0', 'PU'),
(97, 246, '2017-06-30', '10:06:00', '11:06:00', 3600, '15', 'PU'),
(98, 247, '2017-06-30', '11:05:00', '11:05:00', 0, '', 'PR'),
(99, 248, '2017-06-30', '11:05:00', '11:05:00', 0, '', 'PR'),
(100, 249, '2017-06-30', '10:06:00', '11:06:00', 3600, '54000', 'PU'),
(101, 250, '2017-06-30', '10:06:00', '11:06:00', 3600, '15', 'PU'),
(102, 251, '2017-06-30', '11:05:00', '11:05:00', 0, '', 'PR'),
(103, 252, '2017-06-30', '11:05:00', '11:05:00', 0, '', 'PR'),
(104, 253, '2017-06-30', '11:05:00', '11:05:00', 0, '0', 'PR'),
(105, 254, '2017-06-30', '10:05:00', '11:05:00', 3600, '15', 'PR'),
(106, 255, '2017-06-30', '02:00:00', '03:00:00', 1, '15', 'PU'),
(107, 256, '2017-07-31', '05:36:00', '06:35:00', 3540, '14.75', 'PU'),
(108, 257, '2017-08-13', '01:36:00', '01:34:00', -120, '-0.5', 'PU'),
(109, 258, '2017-08-01', '06:52:00', '06:52:00', 0, '0', 'PU');

-- --------------------------------------------------------

--
-- Table structure for table `pro_review_rating`
--

CREATE TABLE IF NOT EXISTS `pro_review_rating` (
  `id` int(200) NOT NULL AUTO_INCREMENT,
  `pro_id` int(200) NOT NULL,
  `tra_id` int(200) NOT NULL,
  `cus_id` int(200) NOT NULL,
  `review` text COLLATE utf8_unicode_ci NOT NULL,
  `rating` float NOT NULL,
  `status` enum('A','D') COLLATE utf8_unicode_ci NOT NULL,
  PRIMARY KEY (`id`)
) ENGINE=MyISAM  DEFAULT CHARSET=utf8 COLLATE=utf8_unicode_ci AUTO_INCREMENT=53 ;

--
-- Dumping data for table `pro_review_rating`
--

INSERT INTO `pro_review_rating` (`id`, `pro_id`, `tra_id`, `cus_id`, `review`, `rating`, `status`) VALUES
(2, 86, 187, 188, 'higtf', 3, 'A'),
(3, 104, 187, 188, 'hiii testing', 4.5, 'A'),
(4, 101, 187, 188, 'acclaimed vvi', 5, 'A'),
(5, 99, 187, 188, 'hiiiiiiiiiiiiii', 5, 'A'),
(6, 98, 187, 188, 'bkjikjbkj', 2, 'A'),
(7, 95, 187, 188, 'Testing Rate', 4, 'A'),
(8, 79, 189, 188, 'dfcsafsdf', 3, 'A'),
(13, 79, 189, 188, 'vkvkkv', 3, 'A'),
(12, 79, 189, 188, 'vkvkkv', 3, 'A'),
(14, 79, 189, 188, 'vkvkkv', 3, 'A'),
(19, 99, 187, 188, 'Ghvybuiuh', 3, 'A'),
(20, 99, 187, 188, 'U8ou98', -0, 'A'),
(21, 99, 187, 188, '', -0, 'A'),
(52, 77, 187, 188, 'Fdsf', 5, 'A'),
(25, 89, 187, 188, 'shjsjsj', 3, 'A'),
(27, 134, 194, 188, 'Good', 1.5, 'A'),
(28, 88, 187, 188, 'Qwerty54321', 4, 'A'),
(31, 176, 187, 188, 'Testing', 4, 'A'),
(32, 176, 187, 188, 'Testing', 4, 'A'),
(33, 95, 187, 188, '4666464', 3, 'A'),
(34, 95, 187, 188, '456\n', 3.5, 'A'),
(35, 95, 187, 188, '456\n', 5, 'A'),
(36, 194, 194, 192, 'Good knowledge but need to learn more.. :)', 3.5, 'A'),
(39, 202, 187, 192, 'abc@gmail.com abc@gmail.com', 4.5, 'A'),
(38, 194, 194, 192, 'abc', 4, 'A'),
(40, 203, 189, 192, 'Testing review from iPhone', 4, 'A'),
(41, 165, 187, 188, 'hello', 2.5, 'A'),
(42, 165, 187, 188, 'helloo', 5, 'A'),
(43, 179, 187, 188, 'and1', 4.5, 'A'),
(44, 179, 187, 188, 'and1', 4.5, 'A'),
(45, 179, 187, 188, 'and1', 4.5, 'A'),
(46, 213, 187, 188, 'good and', 3, 'A'),
(47, 196, 187, 188, 'android', 4.5, 'A'),
(48, 145, 187, 188, 'bad', 2, 'A'),
(49, 178, 187, 188, '123', 3, 'A');

-- --------------------------------------------------------

--
-- Table structure for table `pro_u_awarded`
--

CREATE TABLE IF NOT EXISTS `pro_u_awarded` (
  `id` int(200) NOT NULL AUTO_INCREMENT,
  `pro_id` int(200) NOT NULL,
  `tra_id` int(200) NOT NULL,
  `pro_type` varchar(200) NOT NULL,
  `datetime` datetime NOT NULL,
  `pay_status` enum('P','NP') NOT NULL,
  `running_status` enum('A','W','CM','CL') NOT NULL,
  `cus_id` int(200) NOT NULL,
  PRIMARY KEY (`id`)
) ENGINE=InnoDB  DEFAULT CHARSET=latin1 AUTO_INCREMENT=60 ;

--
-- Dumping data for table `pro_u_awarded`
--

INSERT INTO `pro_u_awarded` (`id`, `pro_id`, `tra_id`, `pro_type`, `datetime`, `pay_status`, `running_status`, `cus_id`) VALUES
(1, 77, 187, 'LIV', '2017-05-04 08:02:00', 'NP', 'CM', 188),
(2, 86, 187, 'DOC', '2017-05-12 10:06:51', 'NP', 'CM', 188),
(3, 89, 187, 'LIV', '2017-05-19 12:55:20', 'P', 'W', 188),
(4, 98, 187, 'LIV', '2017-05-22 13:03:50', 'NP', 'W', 0),
(5, 95, 187, 'LIV', '2017-05-22 13:12:12', 'NP', 'CL', 0),
(6, 79, 189, 'LIV', '2017-05-22 13:15:00', 'NP', 'CL', 188),
(7, 80, 189, 'LIV', '2017-05-22 13:18:37', 'NP', 'CL', 0),
(8, 82, 194, 'DOC', '2017-05-23 15:20:02', 'NP', 'W', 192),
(9, 0, 0, '', '2017-05-24 08:16:27', 'NP', 'W', 0),
(10, 104, 187, 'LIV', '2017-05-24 08:40:26', 'NP', 'CM', 188),
(11, 101, 187, 'DOC', '2017-05-24 08:44:24', 'NP', 'CM', 188),
(12, 99, 187, 'DOC', '2017-05-24 08:48:00', 'NP', 'CL', 188),
(13, 88, 187, 'DOC', '2017-05-25 14:05:46', 'NP', 'CM', 188),
(14, 134, 194, 'DOC', '2017-05-27 10:44:02', 'NP', 'CL', 188),
(15, 83, 194, 'LIV', '2017-06-04 11:20:48', 'P', 'W', 192),
(16, 102, 194, 'LIV', '2017-06-05 12:57:15', 'NP', 'W', 188),
(17, 136, 187, 'DOC', '2017-06-06 06:16:47', 'NP', 'W', 0),
(18, 135, 187, 'LIV', '2017-06-06 08:29:34', 'NP', 'W', 188),
(19, 142, 187, 'LIV', '2017-06-06 08:31:15', 'NP', 'W', 0),
(20, 81, 187, 'LIV', '2017-06-06 08:37:05', 'NP', 'CM', 0),
(21, 93, 194, 'LIV', '2017-06-06 08:41:07', 'NP', 'W', 0),
(22, 133, 194, 'LIV', '2017-06-06 08:44:05', 'P', 'W', 0),
(23, 132, 194, 'DOC', '2017-06-06 08:44:57', 'P', 'W', 0),
(24, 97, 187, 'LIV', '2017-06-06 08:48:44', 'P', 'W', 188),
(25, 112, 187, 'DOC', '2017-06-06 09:03:04', 'NP', 'W', 0),
(26, 143, 187, 'LIV', '2017-06-06 12:15:59', 'P', 'W', 188),
(27, 146, 189, 'DOC', '2017-06-06 15:33:35', 'NP', 'W', 188),
(28, 137, 187, 'DOC', '2017-06-12 11:11:13', 'NP', 'W', 192),
(29, 140, 194, 'DOC', '2017-06-12 11:27:37', 'P', 'W', 192),
(30, 176, 187, 'LIV', '2017-06-15 13:09:07', 'NP', 'CM', 188),
(31, 171, 187, 'DOC', '2017-06-15 13:13:52', 'P', 'CM', 188),
(32, 178, 187, 'DOC', '2017-06-24 08:28:49', 'P', 'CM', 188),
(33, 179, 187, 'LIV', '2017-06-24 08:33:24', 'P', 'CM', 188),
(34, 165, 187, 'DOC', '2017-06-27 07:59:27', 'NP', 'CM', 188),
(35, 145, 187, 'LIV', '2017-06-27 07:59:53', 'P', 'CL', 188),
(36, 194, 194, 'DOC', '2017-06-29 11:47:12', 'P', 'CM', 192),
(37, 186, 189, 'DOC', '2017-06-29 11:50:36', 'NP', 'W', 192),
(38, 189, 187, 'DOC', '2017-06-29 11:54:53', 'NP', 'W', 0),
(40, 188, 187, 'DOC', '2017-06-29 12:45:58', 'P', 'W', 188),
(42, 141, 187, 'LIV', '2017-06-29 12:50:50', 'NP', 'W', 192),
(43, 163, 194, 'DOC', '2017-06-29 13:12:47', 'P', 'W', 192),
(44, 185, 187, 'LIV', '2017-06-29 13:25:47', 'NP', 'W', 188),
(45, 184, 187, 'DOC', '2017-06-29 13:47:56', 'NP', 'W', 188),
(46, 196, 187, 'LIV', '2017-06-29 14:25:05', 'P', 'CM', 188),
(47, 202, 187, 'LIV', '2017-06-29 14:40:20', 'P', 'CM', 192),
(48, 203, 189, 'DOC', '2017-06-29 20:32:10', 'P', 'CM', 192),
(49, 205, 189, 'LIV', '2017-06-29 20:49:20', 'NP', 'W', 192),
(50, 213, 187, 'LIV', '2017-06-30 05:36:02', 'P', 'CM', 188),
(53, 234, 189, 'DOC', '2017-06-30 09:10:22', 'P', 'W', 188),
(54, 254, 187, 'LIV', '2017-06-30 10:51:21', 'P', 'W', 188),
(55, 250, 187, 'LIV', '2017-06-30 10:54:29', 'P', 'W', 188),
(56, 253, 187, 'LIV', '2017-06-30 10:59:28', 'P', 'W', 188),
(57, 255, 187, 'LIV', '2017-06-30 15:54:30', 'NP', 'W', 188),
(58, 257, 194, 'LIV', '2017-08-13 08:12:26', 'P', 'W', 188),
(59, 258, 194, 'LIV', '2017-08-13 13:25:08', 'P', 'W', 188);

-- --------------------------------------------------------

--
-- Table structure for table `pro_u_invite`
--

CREATE TABLE IF NOT EXISTS `pro_u_invite` (
  `id` int(200) NOT NULL AUTO_INCREMENT,
  `pro_id` int(200) NOT NULL,
  `tra_id` int(200) NOT NULL,
  `invite_status` enum('1','0') NOT NULL,
  `ping_status` enum('1','0') NOT NULL,
  `accepted_status` enum('AC','DE') NOT NULL,
  `datetime` datetime NOT NULL,
  PRIMARY KEY (`id`)
) ENGINE=InnoDB  DEFAULT CHARSET=latin1 AUTO_INCREMENT=246 ;

--
-- Dumping data for table `pro_u_invite`
--

INSERT INTO `pro_u_invite` (`id`, `pro_id`, `tra_id`, `invite_status`, `ping_status`, `accepted_status`, `datetime`) VALUES
(1, 78, 187, '1', '0', 'DE', '2017-05-04 07:10:13'),
(2, 77, 187, '0', '1', '', '2017-05-04 07:21:09'),
(3, 78, 189, '1', '0', '', '2017-05-05 08:03:44'),
(4, 81, 186, '1', '0', '', '2017-05-05 10:50:13'),
(5, 81, 187, '1', '0', 'AC', '2017-05-05 10:50:35'),
(6, 80, 187, '1', '0', 'AC', '2017-05-05 11:35:37'),
(7, 80, 186, '1', '0', '', '2017-05-05 11:35:40'),
(8, 79, 187, '0', '1', '', '2017-05-05 13:18:28'),
(9, 82, 187, '1', '0', 'AC', '2017-05-05 14:13:01'),
(10, 82, 186, '1', '0', '', '2017-05-07 11:46:48'),
(11, 84, 189, '1', '0', 'AC', '2017-05-07 12:37:25'),
(12, 78, 186, '1', '0', '', '2017-05-08 12:17:13'),
(13, 81, 189, '1', '0', 'AC', '2017-05-09 06:08:23'),
(14, 85, 186, '1', '0', '', '2017-05-09 08:20:21'),
(15, 85, 187, '1', '0', 'DE', '2017-05-09 08:20:25'),
(16, 85, 189, '1', '0', '', '2017-05-09 08:20:27'),
(17, 82, 189, '0', '1', '', '2017-05-10 18:30:29'),
(18, 79, 189, '0', '1', '', '2017-05-10 18:32:16'),
(19, 79, 186, '1', '0', '', '2017-05-11 08:39:40'),
(20, 84, 187, '0', '1', '', '2017-05-11 13:12:12'),
(21, 83, 187, '0', '1', '', '2017-05-12 07:18:57'),
(22, 86, 187, '0', '1', '', '2017-05-12 07:19:10'),
(23, 77, 186, '1', '0', '', '2017-05-12 13:35:19'),
(24, 83, 189, '1', '0', 'AC', '2017-05-12 14:53:50'),
(25, 87, 189, '1', '0', 'AC', '2017-05-12 15:19:35'),
(26, 80, 189, '0', '1', '', '2017-05-12 19:39:05'),
(27, 87, 187, '0', '1', '', '2017-05-15 06:00:08'),
(28, 88, 186, '1', '0', '', '2017-05-15 08:41:05'),
(29, 89, 187, '0', '1', '', '2017-05-19 11:52:37'),
(30, 77, 189, '1', '0', '', '2017-05-19 12:31:48'),
(31, 88, 187, '0', '1', '', '2017-05-19 12:39:34'),
(32, 89, 186, '1', '0', '', '2017-05-19 12:51:53'),
(33, 89, 189, '1', '0', '', '2017-05-19 12:52:34'),
(34, 90, 187, '0', '1', '', '2017-05-20 08:16:23'),
(35, 91, 186, '1', '0', '', '2017-05-20 09:55:53'),
(36, 92, 186, '1', '0', '', '2017-05-20 09:56:39'),
(37, 93, 186, '1', '0', '', '2017-05-20 10:00:46'),
(38, 94, 186, '1', '0', '', '2017-05-20 10:03:45'),
(39, 95, 186, '1', '0', '', '2017-05-20 10:05:54'),
(40, 96, 186, '1', '0', '', '2017-05-20 10:08:31'),
(41, 97, 186, '1', '0', '', '2017-05-20 10:09:40'),
(42, 98, 186, '1', '0', '', '2017-05-20 12:46:03'),
(43, 98, 187, '0', '1', '', '2017-05-20 13:01:03'),
(44, 97, 187, '0', '1', '', '2017-05-22 06:20:25'),
(45, 96, 187, '0', '1', '', '2017-05-22 06:20:42'),
(46, 95, 187, '0', '1', '', '2017-05-22 06:20:58'),
(47, 99, 186, '1', '0', '', '2017-05-22 11:00:53'),
(48, 98, 189, '1', '0', '', '2017-05-22 12:53:33'),
(49, 98, 194, '1', '0', '', '2017-05-22 12:54:04'),
(50, 98, 203, '1', '0', '', '2017-05-22 12:58:37'),
(51, 97, 189, '1', '0', '', '2017-05-22 13:58:40'),
(52, 97, 194, '1', '0', 'AC', '2017-05-22 13:58:43'),
(53, 93, 187, '1', '0', 'AC', '2017-05-22 14:20:57'),
(54, 93, 194, '1', '0', 'AC', '2017-05-22 14:20:59'),
(55, 93, 204, '1', '0', '', '2017-05-22 14:21:02'),
(56, 94, 187, '1', '0', 'AC', '2017-05-22 14:21:20'),
(57, 94, 189, '1', '0', '', '2017-05-22 14:21:23'),
(58, 97, 206, '1', '0', '', '2017-05-22 14:51:45'),
(59, 97, 207, '1', '0', '', '2017-05-22 14:51:49'),
(60, 97, 203, '1', '0', '', '2017-05-22 14:51:52'),
(61, 83, 186, '1', '0', '', '2017-05-23 10:28:34'),
(62, 105, 186, '1', '0', '', '2017-05-23 10:44:22'),
(63, 82, 194, '1', '0', 'AC', '2017-05-23 12:02:56'),
(64, 107, 187, '0', '1', '', '2017-05-23 12:04:47'),
(65, 84, 194, '0', '1', '', '2017-05-23 14:55:28'),
(66, 112, 187, '1', '0', 'AC', '2017-05-24 08:11:09'),
(67, 106, 187, '0', '1', '', '2017-05-24 08:11:50'),
(68, 105, 187, '0', '1', '', '2017-05-24 08:11:53'),
(69, 112, 186, '1', '0', '', '2017-05-24 08:12:29'),
(70, 112, 189, '1', '0', '', '2017-05-24 08:12:39'),
(71, 104, 187, '0', '1', '', '2017-05-24 08:13:35'),
(72, 103, 187, '0', '1', '', '2017-05-24 08:13:39'),
(73, 102, 187, '0', '1', '', '2017-05-24 08:13:42'),
(74, 112, 203, '1', '0', '', '2017-05-24 08:18:11'),
(75, 112, 276, '1', '0', '', '2017-05-24 08:18:17'),
(76, 112, 278, '1', '0', '', '2017-05-24 08:27:15'),
(77, 112, 275, '1', '0', '', '2017-05-24 08:27:45'),
(78, 112, 271, '1', '0', '', '2017-05-24 08:32:22'),
(79, 112, 277, '1', '0', '', '2017-05-24 08:32:49'),
(80, 112, 194, '1', '0', 'AC', '2017-05-24 08:34:06'),
(81, 112, 223, '1', '0', '', '2017-05-24 08:34:11'),
(82, 112, 274, '1', '0', '', '2017-05-24 08:36:22'),
(83, 112, 267, '1', '0', '', '2017-05-24 08:40:01'),
(84, 112, 206, '1', '0', '', '2017-05-24 08:42:01'),
(85, 112, 208, '1', '0', '', '2017-05-24 08:42:04'),
(86, 112, 209, '1', '0', '', '2017-05-24 08:42:08'),
(87, 112, 217, '1', '0', '', '2017-05-24 08:42:22'),
(88, 101, 187, '0', '1', '', '2017-05-24 08:43:49'),
(89, 99, 187, '0', '1', '', '2017-05-24 08:43:53'),
(90, 112, 266, '1', '0', '', '2017-05-24 08:46:17'),
(91, 112, 237, '1', '0', '', '2017-05-24 08:46:28'),
(92, 96, 189, '1', '0', '', '2017-05-24 08:48:47'),
(93, 96, 203, '1', '0', '', '2017-05-24 08:49:05'),
(94, 96, 194, '1', '0', 'DE', '2017-05-24 08:49:11'),
(95, 96, 207, '1', '0', '', '2017-05-24 08:49:29'),
(96, 96, 208, '1', '0', '', '2017-05-24 08:51:06'),
(97, 96, 206, '1', '0', '', '2017-05-24 08:51:10'),
(98, 112, 205, '1', '0', '', '2017-05-24 08:53:43'),
(99, 112, 240, '1', '0', '', '2017-05-24 08:54:25'),
(100, 112, 226, '1', '0', '', '2017-05-24 08:54:33'),
(101, 116, 186, '1', '0', '', '2017-05-24 11:37:10'),
(102, 120, 186, '1', '0', '', '2017-05-24 11:54:23'),
(103, 122, 186, '1', '0', '', '2017-05-26 10:05:49'),
(104, 114, 187, '0', '1', '', '2017-05-26 12:06:51'),
(105, 114, 194, '0', '1', '', '2017-05-27 06:45:34'),
(106, 107, 194, '0', '1', '', '2017-05-27 06:45:38'),
(107, 83, 194, '0', '1', '', '2017-05-27 06:45:46'),
(108, 132, 186, '1', '0', '', '2017-05-27 09:49:43'),
(109, 134, 194, '0', '1', '', '2017-05-27 09:56:00'),
(110, 133, 194, '0', '1', '', '2017-05-27 09:56:02'),
(111, 132, 194, '0', '1', '', '2017-05-27 10:42:04'),
(112, 134, 186, '1', '0', '', '2017-05-27 10:43:52'),
(113, 134, 189, '1', '0', '', '2017-05-27 10:43:54'),
(114, 135, 187, '0', '1', '', '2017-05-29 10:37:41'),
(115, 136, 187, '0', '1', '', '2017-05-29 10:37:51'),
(116, 133, 187, '0', '1', '', '2017-05-30 15:08:26'),
(117, 132, 187, '0', '1', '', '2017-05-30 15:08:38'),
(118, 83, 252, '1', '0', '', '2017-05-31 14:49:39'),
(119, 102, 194, '0', '1', '', '2017-06-03 15:02:28'),
(120, 140, 194, '1', '0', 'AC', '2017-06-05 08:25:57'),
(121, 141, 187, '0', '1', '', '2017-06-06 06:12:22'),
(122, 139, 187, '0', '1', '', '2017-06-06 07:53:07'),
(123, 142, 187, '1', '0', 'AC', '2017-06-06 08:02:31'),
(124, 78, 194, '1', '0', '', '2017-06-06 08:36:45'),
(125, 124, 186, '1', '0', '', '2017-06-06 09:07:13'),
(126, 124, 189, '1', '0', '', '2017-06-06 09:07:19'),
(127, 124, 204, '1', '0', '', '2017-06-06 09:07:21'),
(128, 124, 206, '1', '0', '', '2017-06-06 09:07:24'),
(129, 124, 207, '1', '0', '', '2017-06-06 09:07:27'),
(130, 124, 194, '1', '0', '', '2017-06-06 09:07:30'),
(131, 124, 187, '1', '0', 'AC', '2017-06-06 09:07:35'),
(132, 143, 186, '1', '0', '', '2017-06-06 11:33:30'),
(133, 143, 189, '1', '0', '', '2017-06-06 11:33:33'),
(134, 143, 187, '1', '0', 'AC', '2017-06-06 11:33:37'),
(135, 138, 187, '0', '1', '', '2017-06-06 11:44:12'),
(136, 98, 204, '1', '0', '', '2017-06-06 12:29:46'),
(137, 98, 283, '1', '0', '', '2017-06-06 12:30:05'),
(138, 144, 187, '1', '0', 'AC', '2017-06-06 12:46:59'),
(139, 131, 187, '1', '0', 'AC', '2017-06-06 14:34:07'),
(140, 147, 194, '1', '0', '', '2017-06-06 14:47:30'),
(141, 146, 189, '0', '1', '', '2017-06-06 14:49:42'),
(142, 149, 194, '1', '0', '', '2017-06-06 15:05:02'),
(143, 146, 187, '1', '0', '', '2017-06-06 15:21:26'),
(144, 146, 194, '1', '0', 'AC', '2017-06-06 15:21:34'),
(145, 146, 186, '1', '0', '', '2017-06-06 15:31:00'),
(146, 148, 194, '1', '0', 'AC', '2017-06-06 15:35:52'),
(147, 148, 189, '1', '0', '', '2017-06-06 15:36:00'),
(148, 148, 187, '1', '0', 'AC', '2017-06-07 06:26:28'),
(149, 148, 186, '1', '0', '', '2017-06-07 06:26:34'),
(150, 148, 203, '1', '0', '', '2017-06-07 08:06:55'),
(151, 145, 187, '0', '1', '', '2017-06-07 10:13:28'),
(152, 137, 187, '0', '1', '', '2017-06-07 10:13:39'),
(153, 158, 187, '0', '1', '', '2017-06-07 10:13:46'),
(154, 160, 186, '1', '0', '', '2017-06-07 13:44:47'),
(155, 148, 204, '1', '0', '', '2017-06-08 09:29:09'),
(156, 84, 186, '1', '0', '', '2017-06-10 06:56:29'),
(157, 140, 187, '1', '0', '', '2017-06-12 11:26:16'),
(158, 163, 194, '1', '0', 'AC', '2017-06-12 13:00:37'),
(159, 175, 187, '0', '1', '', '2017-06-14 12:16:25'),
(160, 174, 187, '0', '1', '', '2017-06-14 12:16:32'),
(161, 173, 187, '0', '1', '', '2017-06-14 12:16:36'),
(162, 177, 187, '0', '1', '', '2017-06-14 14:03:42'),
(163, 176, 187, '0', '1', '', '2017-06-14 14:03:47'),
(164, 170, 187, '0', '1', '', '2017-06-15 10:58:13'),
(165, 169, 187, '0', '1', '', '2017-06-15 10:58:17'),
(166, 172, 187, '0', '1', '', '2017-06-15 10:58:31'),
(167, 171, 187, '0', '1', '', '2017-06-15 10:58:39'),
(168, 168, 187, '0', '1', '', '2017-06-15 13:05:08'),
(169, 166, 187, '0', '1', '', '2017-06-15 13:05:23'),
(170, 165, 187, '0', '1', '', '2017-06-15 13:05:43'),
(171, 176, 203, '1', '0', '', '2017-06-15 13:10:34'),
(172, 171, 186, '1', '0', '', '2017-06-15 13:14:01'),
(173, 171, 194, '1', '0', '', '2017-06-15 13:14:05'),
(174, 125, 187, '0', '1', '', '2017-06-20 06:05:03'),
(175, 130, 187, '0', '1', '', '2017-06-20 06:05:12'),
(176, 129, 187, '0', '1', '', '2017-06-20 06:05:20'),
(177, 178, 187, '1', '0', 'AC', '2017-06-24 08:27:37'),
(178, 179, 187, '1', '0', 'AC', '2017-06-24 08:32:56'),
(179, 180, 187, '1', '0', 'AC', '2017-06-26 10:18:48'),
(180, 181, 187, '1', '0', 'DE', '2017-06-26 10:18:53'),
(181, 182, 187, '1', '0', 'AC', '2017-06-26 10:19:32'),
(182, 183, 189, '1', '0', '', '2017-06-26 10:22:19'),
(183, 185, 186, '1', '0', '', '2017-06-26 10:54:28'),
(184, 128, 187, '0', '1', '', '2017-06-27 07:56:23'),
(185, 127, 187, '0', '1', '', '2017-06-27 07:56:28'),
(186, 183, 187, '0', '1', '', '2017-06-27 07:57:05'),
(187, 194, 194, '1', '0', 'AC', '2017-06-29 11:19:36'),
(188, 194, 286, '1', '0', '', '2017-06-29 11:24:40'),
(189, 194, 189, '0', '1', '', '2017-06-29 11:32:00'),
(190, 186, 189, '0', '1', '', '2017-06-29 11:50:11'),
(191, 188, 186, '1', '0', '', '2017-06-29 11:52:29'),
(192, 189, 187, '0', '1', '', '2017-06-29 11:54:20'),
(193, 188, 187, '0', '1', '', '2017-06-29 12:45:11'),
(194, 187, 187, '0', '1', '', '2017-06-29 12:50:43'),
(195, 163, 189, '1', '0', '', '2017-06-29 12:53:49'),
(196, 185, 187, '0', '1', '', '2017-06-29 13:18:11'),
(197, 184, 187, '0', '1', '', '2017-06-29 13:18:17'),
(198, 195, 186, '1', '0', '', '2017-06-29 14:20:44'),
(199, 195, 189, '1', '0', '', '2017-06-29 14:20:52'),
(200, 195, 187, '1', '0', 'AC', '2017-06-29 14:20:56'),
(201, 195, 194, '1', '0', '', '2017-06-29 14:21:05'),
(202, 196, 187, '1', '0', 'AC', '2017-06-29 14:23:35'),
(203, 202, 187, '1', '0', 'AC', '2017-06-29 14:35:04'),
(204, 202, 189, '1', '0', '', '2017-06-29 14:35:16'),
(205, 202, 194, '0', '1', '', '2017-06-29 14:37:30'),
(206, 205, 189, '1', '0', 'AC', '2017-06-29 20:22:26'),
(207, 203, 189, '0', '1', '', '2017-06-29 20:30:29'),
(208, 211, 187, '1', '0', '', '2017-06-30 05:34:21'),
(209, 212, 187, '1', '0', 'DE', '2017-06-30 05:34:45'),
(210, 213, 187, '1', '0', 'AC', '2017-06-30 05:34:45'),
(211, 204, 187, '0', '1', '', '2017-06-30 05:35:16'),
(212, 91, 187, '0', '1', '', '2017-06-30 05:35:26'),
(213, 220, 187, '1', '0', '', '2017-06-30 05:53:20'),
(214, 221, 187, '1', '0', '', '2017-06-30 06:02:38'),
(215, 225, 187, '1', '0', '', '2017-06-30 06:21:55'),
(216, 226, 187, '1', '0', '', '2017-06-30 06:23:55'),
(217, 227, 187, '1', '0', '', '2017-06-30 06:24:32'),
(218, 228, 187, '1', '0', '', '2017-06-30 06:25:08'),
(219, 229, 186, '1', '0', '', '2017-06-30 06:25:42'),
(220, 230, 187, '1', '0', '', '2017-06-30 06:26:31'),
(221, 231, 187, '1', '0', '', '2017-06-30 06:27:44'),
(222, 232, 187, '1', '0', '', '2017-06-30 06:27:44'),
(223, 233, 186, '1', '0', '', '2017-06-30 06:33:37'),
(224, 234, 186, '1', '0', '', '2017-06-30 06:34:22'),
(225, 235, 187, '1', '0', '', '2017-06-30 06:43:35'),
(226, 236, 187, '1', '0', '', '2017-06-30 06:43:54'),
(227, 237, 187, '1', '0', '', '2017-06-30 06:45:49'),
(228, 238, 187, '1', '0', '', '2017-06-30 06:45:52'),
(229, 239, 187, '1', '0', '', '2017-06-30 06:45:56'),
(230, 240, 187, '1', '0', '', '2017-06-30 06:46:44'),
(231, 241, 187, '1', '0', '', '2017-06-30 06:52:06'),
(232, 242, 187, '1', '0', '', '2017-06-30 06:52:10'),
(233, 243, 187, '1', '0', '', '2017-06-30 06:52:12'),
(234, 244, 187, '1', '0', '', '2017-06-30 06:52:15'),
(235, 245, 187, '1', '0', '', '2017-06-30 06:52:16'),
(236, 246, 187, '1', '0', '', '2017-06-30 06:53:17'),
(237, 249, 187, '1', '0', '', '2017-06-30 06:58:28'),
(238, 250, 187, '1', '0', 'AC', '2017-06-30 06:59:56'),
(239, 234, 189, '0', '1', '', '2017-06-30 08:57:12'),
(240, 160, 187, '0', '1', '', '2017-06-30 09:41:11'),
(241, 254, 187, '1', '0', 'AC', '2017-06-30 10:51:06'),
(242, 253, 187, '1', '0', 'AC', '2017-06-30 10:53:48'),
(243, 255, 187, '0', '1', '', '2017-06-30 15:53:57'),
(244, 257, 194, '0', '1', '', '2017-08-13 08:11:58'),
(245, 258, 194, '0', '1', '', '2017-08-13 13:24:24');

-- --------------------------------------------------------

--
-- Table structure for table `pro_u_transaction`
--

CREATE TABLE IF NOT EXISTS `pro_u_transaction` (
  `id` int(200) NOT NULL AUTO_INCREMENT,
  `awarded_id` int(200) NOT NULL,
  `total_amount` varchar(200) NOT NULL,
  `paid_amount` varchar(200) NOT NULL,
  `remaining_amount` varchar(200) NOT NULL,
  `pay_via` varchar(200) NOT NULL,
  `pay_status` enum('P','NP','F') NOT NULL,
  `datetime` datetime NOT NULL,
  `cus_id` varchar(200) NOT NULL,
  `to_acc_id` varchar(200) NOT NULL,
  PRIMARY KEY (`id`)
) ENGINE=InnoDB  DEFAULT CHARSET=latin1 AUTO_INCREMENT=49 ;

--
-- Dumping data for table `pro_u_transaction`
--

INSERT INTO `pro_u_transaction` (`id`, `awarded_id`, `total_amount`, `paid_amount`, `remaining_amount`, `pay_via`, `pay_status`, `datetime`, `cus_id`, `to_acc_id`) VALUES
(1, 3, '200', '200', '0', 'paypal', 'P', '2017-08-13 07:50:24', '188', '5'),
(2, 3, '200', '200', '0', 'paypal', 'P', '2017-08-13 07:50:24', '188', '5'),
(3, 20, 'per hour cost $29', 'per hour cost $29', '0', 'paypal', 'P', '2017-06-20 10:43:40', '0', ''),
(4, 27, '290', '290', '0', 'paypal', 'P', '2017-06-20 10:49:40', '188', ''),
(5, 21, 'per hour cost $15', 'per hour cost $15', '0', 'paypal', 'P', '2017-06-20 10:54:51', '0', ''),
(6, 31, '-', '-', '0', 'paypal', 'P', '2017-06-20 10:56:18', '0', ''),
(7, 24, 'per hour cost $15', 'per hour cost $15', '0', 'paypal', 'P', '2017-06-20 11:53:24', '188', ''),
(8, 26, '15', '15', '0', 'paypal', 'P', '2017-06-20 12:03:54', '188', ''),
(9, 18, '-', '-', '0', 'paypal', 'P', '2017-06-23 07:24:50', '188', ''),
(10, 23, '-', '-', '0', 'paypal', 'P', '2017-06-23 10:03:39', '0', ''),
(11, 32, '-', '-', '0', 'paypal', 'P', '2017-06-24 08:29:20', '0', ''),
(12, 35, '0.0375', '0.0375', '0', 'paypal', 'P', '2017-06-28 06:03:31', '188', ''),
(13, 33, '0.20', '0.20', '0', 'paypal', 'P', '2017-06-29 11:24:53', '188', ''),
(14, 34, '-', '-', '0', 'paypal', 'P', '2017-06-29 05:16:36', '188', ''),
(15, 16, '0.0708333', '0.0708333', '0', 'paypal', 'P', '2017-06-29 07:33:22', '188', ''),
(16, 24, '0.72500023', '0.72500023', '0', 'null', 'P', '2017-06-29 08:51:59', '188', ''),
(17, 31, '-', '-', '0', 'null', 'P', '2017-06-29 09:20:55', '188', ''),
(18, 23, '-', '-', '0', 'null', 'P', '2017-06-29 09:22:40', '0', ''),
(19, 33, '0.20', '0.20', '0', 'paypal', 'P', '2017-06-29 11:24:53', '188', ''),
(20, 32, '-', '-', '0', '-', 'P', '2017-06-29 10:15:08', '188', ''),
(21, 35, '0.5999996', '0.5999996', '0', '-', 'P', '2017-06-29 11:05:05', '188', ''),
(22, 36, '116', '116', '0', '-', 'P', '2017-06-29 13:30:30', '192', ''),
(23, 22, '0', '0', '0', '-', 'P', '2017-06-29 13:34:17', '0', ''),
(24, 36, '116.00', '116.00', '0', 'paypal', 'P', '2017-06-29 13:44:31', '192', ''),
(25, 26, '0.283334', '0.283334', '0', '-', 'P', '2017-06-29 13:46:00', '188', ''),
(26, 29, '261.00', '261.00', '0', 'paypal', 'P', '2017-06-29 13:56:17', '192', ''),
(27, 29, '261.00', '261.00', '0', 'paypal', 'P', '2017-06-29 14:03:24', '192', ''),
(28, 43, '29.00', '29.00', '0', 'paypal', 'P', '2017-06-29 14:24:41', '192', ''),
(29, 15, '0.75', '0.75', '0', 'paypal', 'P', '2017-06-29 14:43:42', '192', ''),
(30, 47, '0.341667', '0.341667', '0', '-', 'P', '2017-06-29 14:49:32', '192', ''),
(31, 46, '0.0708333', '0.0708333', '0', '-', 'P', '2017-06-29 15:12:31', '188', ''),
(32, 50, '0.0375', '0.0375', '0', '-', 'P', '2017-06-30 06:59:54', '188', ''),
(33, 54, '0.1041666', '0.1041666', '0', '-', 'P', '2017-06-30 12:52:07', '188', ''),
(43, 40, '35786', '35786', '0', 'Paypal', 'P', '2017-06-30 15:36:41', '188', ''),
(44, 55, '(null)', '(null)', '0', 'Paypal', 'P', '2017-06-30 15:44:34', '188', ''),
(45, 56, '(null)', '(null)', '0', 'Paypal', 'P', '2017-06-30 15:50:36', '188', ''),
(46, 58, '(null)', '(null)', '0', 'Paypal', 'P', '2017-08-13 09:31:06', '188', ''),
(47, 58, '(null)', '(null)', '0', 'Paypal', 'P', '2017-08-13 12:34:05', '188', ''),
(48, 59, '(null)', '(null)', '0', 'Paypal', 'P', '2017-08-13 13:25:30', '188', '');

-- --------------------------------------------------------

--
-- Table structure for table `state`
--

CREATE TABLE IF NOT EXISTS `state` (
  `id` int(200) NOT NULL AUTO_INCREMENT,
  `country_id` int(200) NOT NULL,
  `state_name` varchar(200) NOT NULL,
  `status` enum('1','0') NOT NULL,
  PRIMARY KEY (`id`)
) ENGINE=InnoDB  DEFAULT CHARSET=latin1 AUTO_INCREMENT=4 ;

--
-- Dumping data for table `state`
--

INSERT INTO `state` (`id`, `country_id`, `state_name`, `status`) VALUES
(1, 1, 'mp', '0'),
(2, 1, 'AP', '1'),
(3, 1, 'UP', '1');

-- --------------------------------------------------------

--
-- Table structure for table `t_languages`
--

CREATE TABLE IF NOT EXISTS `t_languages` (
  `id` int(200) NOT NULL AUTO_INCREMENT,
  `tra_id` int(200) NOT NULL,
  `lang_id` int(200) NOT NULL,
  `status` enum('A','D') COLLATE utf8_unicode_ci NOT NULL,
  PRIMARY KEY (`id`)
) ENGINE=MyISAM  DEFAULT CHARSET=utf8 COLLATE=utf8_unicode_ci AUTO_INCREMENT=309 ;

--
-- Dumping data for table `t_languages`
--

INSERT INTO `t_languages` (`id`, `tra_id`, `lang_id`, `status`) VALUES
(161, 189, 1, 'A'),
(162, 189, 2, 'A'),
(164, 194, 2, 'A'),
(163, 194, 1, 'A'),
(165, 203, 1, 'A'),
(166, 203, 2, 'A'),
(167, 204, 1, 'A'),
(168, 204, 2, 'A'),
(169, 205, 1, 'A'),
(170, 205, 2, 'A'),
(171, 206, 1, 'A'),
(172, 206, 2, 'A'),
(173, 207, 1, 'A'),
(174, 207, 2, 'A'),
(175, 208, 1, 'A'),
(176, 208, 2, 'A'),
(177, 209, 1, 'A'),
(178, 209, 2, 'A'),
(179, 210, 1, 'A'),
(180, 210, 2, 'A'),
(181, 217, 1, 'A'),
(182, 217, 2, 'A'),
(183, 218, 1, 'A'),
(184, 218, 2, 'A'),
(185, 219, 1, 'A'),
(186, 219, 2, 'A'),
(187, 221, 1, 'A'),
(188, 221, 2, 'A'),
(189, 222, 1, 'A'),
(190, 222, 2, 'A'),
(191, 223, 1, 'A'),
(192, 223, 2, 'A'),
(193, 225, 1, 'A'),
(194, 225, 2, 'A'),
(195, 226, 1, 'A'),
(196, 226, 2, 'A'),
(197, 229, 1, 'A'),
(198, 229, 2, 'A'),
(199, 230, 1, 'A'),
(200, 230, 2, 'A'),
(201, 231, 1, 'A'),
(202, 231, 2, 'A'),
(203, 232, 1, 'A'),
(204, 232, 2, 'A'),
(205, 233, 1, 'A'),
(206, 233, 2, 'A'),
(207, 234, 1, 'A'),
(208, 234, 2, 'A'),
(209, 235, 1, 'A'),
(210, 235, 2, 'A'),
(211, 236, 1, 'A'),
(212, 236, 2, 'A'),
(213, 237, 1, 'A'),
(214, 237, 2, 'A'),
(215, 238, 1, 'A'),
(216, 238, 2, 'A'),
(217, 239, 1, 'A'),
(218, 239, 2, 'A'),
(219, 240, 1, 'A'),
(220, 240, 2, 'A'),
(221, 241, 1, 'A'),
(222, 241, 2, 'A'),
(223, 242, 1, 'A'),
(224, 242, 2, 'A'),
(225, 243, 1, 'A'),
(226, 243, 2, 'A'),
(227, 244, 1, 'A'),
(228, 244, 2, 'A'),
(229, 245, 1, 'A'),
(230, 245, 2, 'A'),
(231, 246, 1, 'A'),
(232, 246, 2, 'A'),
(233, 247, 1, 'A'),
(234, 247, 2, 'A'),
(235, 248, 1, 'A'),
(236, 248, 2, 'A'),
(237, 249, 1, 'A'),
(238, 249, 2, 'A'),
(239, 250, 1, 'A'),
(240, 250, 2, 'A'),
(241, 251, 1, 'A'),
(242, 251, 2, 'A'),
(243, 252, 1, 'A'),
(244, 252, 2, 'A'),
(245, 253, 1, 'A'),
(246, 253, 2, 'A'),
(247, 254, 1, 'A'),
(248, 254, 2, 'A'),
(249, 256, 1, 'A'),
(250, 256, 2, 'A'),
(251, 257, 1, 'A'),
(252, 257, 2, 'A'),
(253, 258, 1, 'A'),
(254, 258, 2, 'A'),
(255, 259, 1, 'A'),
(256, 259, 2, 'A'),
(257, 260, 1, 'A'),
(258, 260, 2, 'A'),
(259, 261, 1, 'A'),
(260, 261, 2, 'A'),
(261, 262, 1, 'A'),
(262, 262, 2, 'A'),
(263, 263, 1, 'A'),
(264, 263, 2, 'A'),
(265, 264, 1, 'A'),
(266, 264, 2, 'A'),
(267, 265, 1, 'A'),
(268, 265, 2, 'A'),
(269, 266, 1, 'A'),
(270, 266, 2, 'A'),
(271, 267, 1, 'A'),
(272, 267, 2, 'A'),
(273, 268, 1, 'A'),
(274, 268, 2, 'A'),
(275, 269, 1, 'A'),
(276, 269, 2, 'A'),
(277, 270, 1, 'A'),
(278, 270, 2, 'A'),
(279, 271, 1, 'A'),
(280, 271, 2, 'A'),
(281, 274, 1, 'A'),
(282, 274, 2, 'A'),
(283, 275, 1, 'A'),
(284, 275, 2, 'A'),
(285, 276, 1, 'A'),
(286, 276, 2, 'A'),
(287, 277, 1, 'A'),
(288, 277, 2, 'A'),
(289, 278, 1, 'A'),
(290, 278, 2, 'A'),
(291, 280, 1, 'A'),
(292, 280, 2, 'A'),
(293, 281, 1, 'A'),
(294, 281, 2, 'A'),
(295, 283, 1, 'A'),
(296, 283, 2, 'A'),
(297, 284, 1, 'A'),
(298, 284, 2, 'A'),
(299, 286, 1, 'A'),
(300, 286, 2, 'A'),
(301, 287, 1, 'A'),
(302, 287, 2, 'A'),
(303, 292, 1, 'A'),
(304, 292, 2, 'A'),
(305, 293, 1, 'A'),
(306, 293, 2, 'A'),
(307, 295, 1, 'A'),
(308, 295, 2, 'A'),
(157, 186, 1, 'A'),
(158, 186, 2, 'A'),
(159, 187, 1, 'A'),
(160, 187, 2, 'A');

-- --------------------------------------------------------

--
-- Table structure for table `u_details`
--

CREATE TABLE IF NOT EXISTS `u_details` (
  `id` int(200) NOT NULL AUTO_INCREMENT,
  `login_id` int(200) NOT NULL,
  `f_name` varchar(200) NOT NULL,
  `l_name` varchar(200) NOT NULL,
  `pic` varchar(200) NOT NULL,
  `address` varchar(200) NOT NULL,
  `country_id` varchar(200) NOT NULL,
  `state_id` varchar(200) NOT NULL,
  `city_id` varchar(200) NOT NULL,
  `about_us` text NOT NULL,
  `t&c_status` enum('1','0') NOT NULL,
  `email_verification` enum('1','0') NOT NULL,
  `datetime` datetime NOT NULL,
  `update_datetime` datetime NOT NULL,
  `admin_doc_veri_status` enum('1','0','2') NOT NULL,
  `education` varchar(200) NOT NULL,
  `industry_spe` varchar(200) NOT NULL,
  `avg_rating` float NOT NULL,
  `interview_date_time` datetime NOT NULL,
  PRIMARY KEY (`id`)
) ENGINE=InnoDB  DEFAULT CHARSET=latin1 AUTO_INCREMENT=276 ;

--
-- Dumping data for table `u_details`
--

INSERT INTO `u_details` (`id`, `login_id`, `f_name`, `l_name`, `pic`, `address`, `country_id`, `state_id`, `city_id`, `about_us`, `t&c_status`, `email_verification`, `datetime`, `update_datetime`, `admin_doc_veri_status`, `education`, `industry_spe`, `avg_rating`, `interview_date_time`) VALUES
(274, 294, 'Lori', 'Gentry', '9535820c2e2b91d808e9a3f3801687a0_CU.jpg', '', '', '', '', '', '0', '1', '2017-08-16 16:55:59', '2017-08-16 17:02:20', '0', '', '', 0, '0000-00-00 00:00:00'),
(275, 295, 'Lori', 'Gentry', '', '', '', '', '', '', '1', '1', '2017-08-29 13:09:41', '0000-00-00 00:00:00', '0', '', '', 0, '0000-00-00 00:00:00');

-- --------------------------------------------------------

--
-- Table structure for table `u_document`
--

CREATE TABLE IF NOT EXISTS `u_document` (
  `id` int(200) NOT NULL AUTO_INCREMENT,
  `login_id` int(200) NOT NULL,
  `certificate` varchar(200) NOT NULL,
  `admin_veri_status` enum('1','0') NOT NULL,
  `datetime` datetime NOT NULL,
  `type` enum('L','D') NOT NULL,
  `document_name` varchar(200) NOT NULL,
  PRIMARY KEY (`id`)
) ENGINE=InnoDB  DEFAULT CHARSET=latin1 AUTO_INCREMENT=90 ;

--
-- Dumping data for table `u_document`
--

INSERT INTO `u_document` (`id`, `login_id`, `certificate`, `admin_veri_status`, `datetime`, `type`, `document_name`) VALUES
(75, 187, '1', '1', '2017-05-04 06:06:37', 'L', 'ab3ab5fb7726ea7a20c2b180c15ed28fEng.pdf'),
(76, 187, '2', '1', '2017-05-04 06:06:37', 'L', 'ab3ab5fb7726ea7a20c2b180c15ed28fSpn.pdf'),
(77, 187, '1099', '1', '2017-05-04 06:06:37', 'D', 'ab3ab5fb7726ea7a20c2b180c15ed28f1099.pdf'),
(78, 189, '1', '1', '2017-05-04 10:39:30', 'L', 'eb648567004d1b36404e3bfe9dd222d9Eng.pdf'),
(79, 189, '2', '1', '2017-05-04 10:39:30', 'L', 'eb648567004d1b36404e3bfe9dd222d9Spn.pdf'),
(80, 189, '1099', '1', '2017-05-04 10:39:30', 'D', 'eb648567004d1b36404e3bfe9dd222d91099.pdf'),
(81, 194, '1', '1', '2017-05-23 14:26:10', 'L', 'c47b3cd2825975bcd7749ce6a1a4ae93Eng.pdf'),
(82, 194, '2', '1', '2017-05-23 14:26:10', 'L', 'c47b3cd2825975bcd7749ce6a1a4ae93Spn.pdf'),
(83, 194, '1099', '1', '2017-05-23 14:26:10', 'D', 'c47b3cd2825975bcd7749ce6a1a4ae931099.pdf'),
(84, 292, '1', '0', '2017-07-31 18:36:55', 'L', 'b0993a8828162b976db3583100c1b428Eng.pdf'),
(85, 292, '2', '0', '2017-07-31 18:36:55', 'L', '426d77fdc7a1142dcf502a881b716a85Spn.pdf'),
(86, 292, '1099', '0', '2017-07-31 18:36:55', 'D', '320af4577d3ef1e57ab12f287e7f3b161099.pdf'),
(87, 293, '1', '0', '2017-08-01 21:03:31', 'L', '36becced5235a94d4586121ab9caa35cEng.pdf'),
(88, 293, '2', '0', '2017-08-01 21:03:31', 'L', '800cb1fef975538e9a36cf54355344f4Spn.pdf'),
(89, 293, '1099', '0', '2017-08-01 21:03:31', 'D', '320af4577d3ef1e57ab12f287e7f3b161099.pdf');

-- --------------------------------------------------------

--
-- Table structure for table `u_email_verification`
--

CREATE TABLE IF NOT EXISTS `u_email_verification` (
  `id` int(200) NOT NULL AUTO_INCREMENT,
  `user_id` int(200) NOT NULL,
  `reset_key` varchar(200) COLLATE utf8_unicode_ci NOT NULL,
  `hash` varchar(200) COLLATE utf8_unicode_ci NOT NULL,
  `datetime` datetime NOT NULL,
  `status` enum('A','U','E') COLLATE utf8_unicode_ci NOT NULL,
  `link_type` enum('email','pass') COLLATE utf8_unicode_ci NOT NULL,
  PRIMARY KEY (`id`)
) ENGINE=MyISAM  DEFAULT CHARSET=utf8 COLLATE=utf8_unicode_ci AUTO_INCREMENT=67 ;

--
-- Dumping data for table `u_email_verification`
--

INSERT INTO `u_email_verification` (`id`, `user_id`, `reset_key`, `hash`, `datetime`, `status`, `link_type`) VALUES
(60, 198, 'IlKG2EtbWN8JnO7YZwcT', 'MTk4', '2017-05-17 07:07:44', 'U', 'email'),
(61, 1, 'b2iwApsxK9OWaGon8uYk', 'MQ==', '2017-06-07 06:41:21', 'A', 'pass'),
(62, 188, '9UofbrNXuAqsGEVFkDJg', 'MTg4', '0000-00-00 00:00:00', 'A', 'pass'),
(63, 291, '8LORFljQGs95bfBogIHV', 'Mjkx', '2017-07-24 00:07:29', 'A', 'email'),
(64, 293, 'KkxNyMvjWE2X8BfqpUQJ', 'Mjkz', '2017-08-01 20:58:08', 'U', 'email'),
(65, 294, 'SO5QUaG2Rwmy8k1joqAY', 'Mjk0', '2017-08-16 16:55:59', 'U', 'email'),
(66, 295, 'N7OWsx14fQeH0LoEMcw5', 'Mjk1', '2017-08-29 13:09:41', 'U', 'email'),
(56, 185, 'CZuvb8pgUwzJDaXQyGr5', 'MTg1', '2017-05-04 02:05:22', 'U', 'email'),
(57, 186, 'HuPBQzYaT6c0GIb5JnMy', 'MTg2', '2017-05-04 02:11:45', 'U', 'email'),
(58, 187, 'MeDgC2YrvmLXj0NaxS97', 'MTg3', '2017-05-04 06:04:06', 'U', 'email'),
(59, 188, 'mksBlTwaYq83LzAItP96', 'MTg4', '2017-05-04 06:07:31', 'U', 'email');

-- --------------------------------------------------------

--
-- Table structure for table `u_login`
--

CREATE TABLE IF NOT EXISTS `u_login` (
  `id` int(200) NOT NULL AUTO_INCREMENT,
  `email_id` varchar(200) NOT NULL,
  `password` varchar(200) NOT NULL,
  `type` enum('CU','TR','B') NOT NULL,
  `datetime` datetime NOT NULL,
  `admin_status` enum('A','D') NOT NULL,
  PRIMARY KEY (`id`),
  UNIQUE KEY `email_id` (`email_id`)
) ENGINE=InnoDB  DEFAULT CHARSET=latin1 AUTO_INCREMENT=296 ;

--
-- Dumping data for table `u_login`
--

INSERT INTO `u_login` (`id`, `email_id`, `password`, `type`, `datetime`, `admin_status`) VALUES
(294, 'truetranslate1@gmail.com', 'Appsthatwork', 'CU', '2017-08-16 16:55:59', 'A'),
(295, 'lorigentry1@hotmail.com', 'Sunnylearn123', 'TR', '2017-08-29 13:09:41', 'A');

/*!40101 SET CHARACTER_SET_CLIENT=@OLD_CHARACTER_SET_CLIENT */;
/*!40101 SET CHARACTER_SET_RESULTS=@OLD_CHARACTER_SET_RESULTS */;
/*!40101 SET COLLATION_CONNECTION=@OLD_COLLATION_CONNECTION */;
